series_id,date,level,case_id,case_name,status,candidate_rank,series_label,source_type,role,event_date,base_date,window_start,window_end,policy_date_type,tariff_authority,notes,event_month,base_month,relative_month,rebased_100,gap_from_base_index_points,mom_pct,yoy_pct
CUUR0000SEHL,2017-01-31,56.577,2018_washer_safeguard,2018 Washer Safeguard,benchmark,,Other household equipment and furnishings,CPI,control,2018-02-07,2018-01-31,2016-01-31,2019-09-30,effective,Section 201,benchmark consumer control,2018-02-28,2018-01-31,-13,108.19850831899025,8.19850831899025,,
CUUR0000SEHL,2017-02-28,56.637,2018_washer_safeguard,2018 Washer Safeguard,benchmark,,Other household equipment and furnishings,CPI,control,2018-02-07,2018-01-31,2016-01-31,2019-09-30,effective,Section 201,benchmark consumer control,2018-02-28,2018-01-31,-12,108.3132530120482,8.313253012048193,0.10605016172648973,
CUUR0000SEHL,2017-03-31,56.416,2018_washer_safeguard,2018 Washer Safeguard,benchmark,,Other household equipment and furnishings,CPI,control,2018-02-07,2018-01-31,2016-01-31,2019-09-30,effective,Section 201,benchmark consumer control,2018-02-28,2018-01-31,-11,107.89061005928475,7.890610059284754,-0.3902042834189712,
CUUR0000SEHL,2017-04-30,55.274,2018_washer_safeguard,2018 Washer Safeguard,benchmark,,Other household equipment and furnishings,CPI,control,2018-02-07,2018-01-31,2016-01-31,2019-09-30,effective,Section 201,benchmark consumer control,2018-02-28,2018-01-31,-10,105.70663606808186,5.706636068081863,-2.0242484401588157,
CUUR0000SEHL,2017-05-31,55.195,2018_washer_safeguard,2018 Washer Safeguard,benchmark,,Other household equipment and furnishings,CPI,control,2018-02-07,2018-01-31,2016-01-31,2019-09-30,effective,Section 201,benchmark consumer control,2018-02-28,2018-01-31,-9,105.55555555555556,5.555555555555557,-0.14292434055794834,
CUUR0000SEHL,2017-06-30,55.457,2018_washer_safeguard,2018 Washer Safeguard,benchmark,,Other household equipment and furnishings,CPI,control,2018-02-07,2018-01-31,2016-01-31,2019-09-30,effective,Section 201,benchmark consumer control,2018-02-28,2018-01-31,-8,106.05660738190859,6.0566073819085915,0.47468067759761645,
CUUR0000SEHL,2017-07-31,53.937,2018_washer_safeguard,2018 Washer Safeguard,benchmark,,Other household equipment and furnishings,CPI,control,2018-02-07,2018-01-31,2016-01-31,2019-09-30,effective,Section 201,benchmark consumer control,2018-02-28,2018-01-31,-7,103.14974182444061,3.1497418244406106,-2.7408622897019397,
CUUR0000SEHL,2017-08-31,53.063,2018_washer_safeguard,2018 Washer Safeguard,benchmark,,Other household equipment and furnishings,CPI,control,2018-02-07,2018-01-31,2016-01-31,2019-09-30,effective,Section 201,benchmark consumer control,2018-02-28,2018-01-31,-6,101.47829412889655,1.4782941288965503,-1.6204089956801337,
CUUR0000SEHL,2017-09-30,52.436,2018_washer_safeguard,2018 Washer Safeguard,benchmark,,Other household equipment and furnishings,CPI,control,2018-02-07,2018-01-31,2016-01-31,2019-09-30,effective,Section 201,benchmark consumer control,2018-02-28,2018-01-31,-5,100.27921208644099,0.2792120864409924,-1.1816143075212504,
CUUR0000SEHL,2017-10-31,52.369,2018_washer_safeguard,2018 Washer Safeguard,benchmark,,Other household equipment and furnishings,CPI,control,2018-02-07,2018-01-31,2016-01-31,2019-09-30,effective,Section 201,benchmark consumer control,2018-02-28,2018-01-31,-4,100.1510805125263,0.15108051252630617,-0.12777481119841116,
CUUR0000SEHL,2017-11-30,52.701,2018_washer_safeguard,2018 Washer Safeguard,benchmark,,Other household equipment and furnishings,CPI,control,2018-02-07,2018-01-31,2016-01-31,2019-09-30,effective,Section 201,benchmark consumer control,2018-02-28,2018-01-31,-3,100.78600114744694,0.7860011474469388,0.6339628406118125,
CUUR0000SEHL,2017-12-31,52.669,2018_washer_safeguard,2018 Washer Safeguard,benchmark,,Other household equipment and furnishings,CPI,control,2018-02-07,2018-01-31,2016-01-31,2019-09-30,effective,Section 201,benchmark consumer control,2018-02-28,2018-01-31,-2,100.72480397781602,0.7248039778160233,-0.06071991043813396,
CUUR0000SEHL,2018-01-31,52.29,2018_washer_safeguard,2018 Washer Safeguard,benchmark,,Other household equipment and furnishings,CPI,control,2018-02-07,2018-01-31,2016-01-31,2019-09-30,effective,Section 201,benchmark consumer control,2018-02-28,2018-01-31,-1,100.0,0.0,-0.7195883726670349,-7.57728405535818
CUUR0000SEHL,2018-02-28,52.804,2018_washer_safeguard,2018 Washer Safeguard,benchmark,,Other household equipment and furnishings,CPI,control,2018-02-07,2018-01-31,2016-01-31,2019-09-30,effective,Section 201,benchmark consumer control,2018-02-28,2018-01-31,0,100.98297953719641,0.9829795371964138,0.9829795371964156,-6.767660716492752
CUUR0000SEHL,2018-03-31,52.932,2018_washer_safeguard,2018 Washer Safeguard,benchmark,,Other household equipment and furnishings,CPI,control,2018-02-07,2018-01-31,2016-01-31,2019-09-30,effective,Section 201,benchmark consumer control,2018-02-28,2018-01-31,1,101.22776821572003,1.2277682157200331,0.24240587834254423,-6.175553034600101
CUUR0000SEHL,2018-04-30,52.709,2018_washer_safeguard,2018 Washer Safeguard,benchmark,,Other household equipment and furnishings,CPI,control,2018-02-07,2018-01-31,2016-01-31,2019-09-30,effective,Section 201,benchmark consumer control,2018-02-28,2018-01-31,2,100.80130043985467,0.8013004398546713,-0.42129524673165664,-4.640518145963735
CUUR0000SEHL,2018-05-31,52.058,2018_washer_safeguard,2018 Washer Safeguard,benchmark,,Other household equipment and furnishings,CPI,control,2018-02-07,2018-01-31,2016-01-31,2019-09-30,effective,Section 201,benchmark consumer control,2018-02-28,2018-01-31,3,99.55632052017594,-0.44367947982405553,-1.2350831926236538,-5.683485822991219
CUUR0000SEHL,2018-06-30,51.094,2018_washer_safeguard,2018 Washer Safeguard,benchmark,,Other household equipment and furnishings,CPI,control,2018-02-07,2018-01-31,2016-01-31,2019-09-30,effective,Section 201,benchmark consumer control,2018-02-28,2018-01-31,4,97.71275578504495,-2.2872442149550523,-1.851780706135464,-7.867356690769423
CUUR0000SEHL,2018-07-31,50.905,2018_washer_safeguard,2018 Washer Safeguard,benchmark,,Other household equipment and furnishings,CPI,control,2018-02-07,2018-01-31,2016-01-31,2019-09-30,effective,Section 201,benchmark consumer control,2018-02-28,2018-01-31,5,97.35131000191242,-2.648689998087576,-0.36990644694093744,-5.621373083412118
CUUR0000SEHL,2018-08-31,50.355,2018_washer_safeguard,2018 Washer Safeguard,benchmark,,Other household equipment and furnishings,CPI,control,2018-02-07,2018-01-31,2016-01-31,2019-09-30,effective,Section 201,benchmark consumer control,2018-02-28,2018-01-31,6,96.29948364888124,-3.7005163511187646,-1.0804439642471353,-5.103367695004057
CUUR0000SEHL,2018-09-30,50.139,2018_washer_safeguard,2018 Washer Safeguard,benchmark,,Other household equipment and furnishings,CPI,control,2018-02-07,2018-01-31,2016-01-31,2019-09-30,effective,Section 201,benchmark consumer control,2018-02-28,2018-01-31,7,95.88640275387264,-4.113597246127355,-0.4289544235924758,-4.38057822869784
CUUR0000SEHL,2018-10-31,51.008,2018_washer_safeguard,2018 Washer Safeguard,benchmark,,Other household equipment and furnishings,CPI,control,2018-02-07,2018-01-31,2016-01-31,2019-09-30,effective,Section 201,benchmark consumer control,2018-02-28,2018-01-31,8,97.5482883916619,-2.451711608338101,1.7331817547218797,-2.5988657411827543
CUUR0000SEHL,2018-11-30,51.194,2018_washer_safeguard,2018 Washer Safeguard,benchmark,,Other household equipment and furnishings,CPI,control,2018-02-07,2018-01-31,2016-01-31,2019-09-30,effective,Section 201,benchmark consumer control,2018-02-28,2018-01-31,9,97.90399694014152,-2.096003059858475,0.3646486825595874,-2.859528282195778
CUUR0000SEHL,2018-12-31,50.101,2018_washer_safeguard,2018 Washer Safeguard,benchmark,,Other household equipment and furnishings,CPI,control,2018-02-07,2018-01-31,2016-01-31,2019-09-30,effective,Section 201,benchmark consumer control,2018-02-28,2018-01-31,10,95.81373111493593,-4.186268885064067,-2.1350158221666637,-4.8757333535855985
CUUR0000SEHL,2019-01-31,50.85,2018_washer_safeguard,2018 Washer Safeguard,benchmark,,Other household equipment and furnishings,CPI,control,2018-02-07,2018-01-31,2016-01-31,2019-09-30,effective,Section 201,benchmark consumer control,2018-02-28,2018-01-31,11,97.2461273666093,-2.7538726333906993,1.4949801401169749,-2.753872633390697
CUUR0000SEHL,2019-02-28,51.833,2018_washer_safeguard,2018 Washer Safeguard,benchmark,,Other household equipment and furnishings,CPI,control,2018-02-07,2018-01-31,2016-01-31,2019-09-30,effective,Section 201,benchmark consumer control,2018-02-28,2018-01-31,12,99.12602792120865,-0.8739720787913541,1.9331366764995028,-1.838875842739196
CUUR0000SEHL,2019-03-31,51.249,2018_washer_safeguard,2018 Washer Safeguard,benchmark,,Other household equipment and furnishings,CPI,control,2018-02-07,2018-01-31,2016-01-31,2019-09-30,effective,Section 201,benchmark consumer control,2018-02-28,2018-01-31,13,98.00917957544463,-1.9908204245553662,-1.1266953485231324,-3.1795511221945127
CUUR0000SEHL,2019-04-30,50.53,2018_washer_safeguard,2018 Washer Safeguard,benchmark,,Other household equipment and furnishings,CPI,control,2018-02-07,2018-01-31,2016-01-31,2019-09-30,effective,Section 201,benchmark consumer control,2018-02-28,2018-01-31,14,96.63415567030025,-3.3658443296997547,-1.4029542039844745,-4.134018858259503
CUUR0000SEHL,2019-05-31,51.134,2018_washer_safeguard,2018 Washer Safeguard,benchmark,,Other household equipment and furnishings,CPI,control,2018-02-07,2018-01-31,2016-01-31,2019-09-30,effective,Section 201,benchmark consumer control,2018-02-28,2018-01-31,15,97.78925224708358,-2.2107477529164186,1.1953295072234305,-1.7749433324368957
CUUR0000SEHL,2019-06-30,51.077,2018_washer_safeguard,2018 Washer Safeguard,benchmark,,Other household equipment and furnishings,CPI,control,2018-02-07,2018-01-31,2016-01-31,2019-09-30,effective,Section 201,benchmark consumer control,2018-02-28,2018-01-31,16,97.68024478867852,-2.3197552113214783,-0.11147181914186177,-0.03327200845500977
CUUR0000SEHL,2019-07-31,50.419,2018_washer_safeguard,2018 Washer Safeguard,benchmark,,Other household equipment and furnishings,CPI,control,2018-02-07,2018-01-31,2016-01-31,2019-09-30,effective,Section 201,benchmark consumer control,2018-02-28,2018-01-31,17,96.42187798814305,-3.578122011856948,-1.2882510719110396,-0.9547195756801963
CUUR0000SEHL,2019-08-31,50.308,2018_washer_safeguard,2018 Washer Safeguard,benchmark,,Other household equipment and furnishings,CPI,control,2018-02-07,2018-01-31,2016-01-31,2019-09-30,effective,Section 201,benchmark consumer control,2018-02-28,2018-01-31,18,96.20960030598586,-3.790399694014141,-0.22015510025982232,-0.0933373051335451
CUUR0000SEHL,2019-09-30,50.204,2018_washer_safeguard,2018 Washer Safeguard,benchmark,,Other household equipment and furnishings,CPI,control,2018-02-07,2018-01-31,2016-01-31,2019-09-30,effective,Section 201,benchmark consumer control,2018-02-28,2018-01-31,19,96.01070950468541,-3.9892904953145916,-0.2067265643635241,0.12963960190670587
CUUR0000SS30021,2017-01-31,94.138,2018_washer_safeguard,2018 Washer Safeguard,benchmark,,Laundry equipment,CPI,treatment,2018-02-07,2018-01-31,2016-01-31,2019-09-30,effective,Section 201,benchmark consumer treatment,2018-02-28,2018-01-31,-13,103.78136437800416,3.781364378004156,,
CUUR0000SS30021,2017-02-28,93.204,2018_washer_safeguard,2018 Washer Safeguard,benchmark,,Laundry equipment,CPI,treatment,2018-02-07,2018-01-31,2016-01-31,2019-09-30,effective,Section 201,benchmark consumer treatment,2018-02-28,2018-01-31,-12,102.75168673104909,2.751686731049091,-0.9921604453037136,
CUUR0000SS30021,2017-03-31,92.971,2018_washer_safeguard,2018 Washer Safeguard,benchmark,,Laundry equipment,CPI,treatment,2018-02-07,2018-01-31,2016-01-31,2019-09-30,effective,Section 201,benchmark consumer treatment,2018-02-28,2018-01-31,-11,102.4948185386074,2.4948185386074044,-0.24998927084672884,
CUUR0000SS30021,2017-04-30,91.678,2018_washer_safeguard,2018 Washer Safeguard,benchmark,,Laundry equipment,CPI,treatment,2018-02-07,2018-01-31,2016-01-31,2019-09-30,effective,Section 201,benchmark consumer treatment,2018-02-28,2018-01-31,-10,101.0693654363452,1.069365436345194,-1.3907562573275634,
CUUR0000SS30021,2017-05-31,92.404,2018_washer_safeguard,2018 Washer Safeguard,benchmark,,Laundry equipment,CPI,treatment,2018-02-07,2018-01-31,2016-01-31,2019-09-30,effective,Section 201,benchmark consumer treatment,2018-02-28,2018-01-31,-9,101.86973585571283,1.8697358557128325,0.7919020921049791,
CUUR0000SS30021,2017-06-30,90.169,2018_washer_safeguard,2018 Washer Safeguard,benchmark,,Laundry equipment,CPI,treatment,2018-02-07,2018-01-31,2016-01-31,2019-09-30,effective,Section 201,benchmark consumer treatment,2018-02-28,2018-01-31,-8,99.40578559774221,-0.5942144022577907,-2.4187264620579185,
CUUR0000SS30021,2017-07-31,87.142,2018_washer_safeguard,2018 Washer Safeguard,benchmark,,Laundry equipment,CPI,treatment,2018-02-07,2018-01-31,2016-01-31,2019-09-30,effective,Section 201,benchmark consumer treatment,2018-02-28,2018-01-31,-7,96.06870397318869,-3.93129602681131,-3.357029577792814,
CUUR0000SS30021,2017-08-31,87.476,2018_washer_safeguard,2018 Washer Safeguard,benchmark,,Laundry equipment,CPI,treatment,2018-02-07,2018-01-31,2016-01-31,2019-09-30,effective,Section 201,benchmark consumer treatment,2018-02-28,2018-01-31,-6,96.43691846364158,-3.5630815363584247,0.38328245851599885,
CUUR0000SS30021,2017-09-30,88.143,2018_washer_safeguard,2018 Washer Safeguard,benchmark,,Laundry equipment,CPI,treatment,2018-02-07,2018-01-31,2016-01-31,2019-09-30,effective,Section 201,benchmark consumer treatment,2018-02-28,2018-01-31,-5,97.17224500595317,-2.8277549940468276,0.7624948557318545,
CUUR0000SS30021,2017-10-31,89.328,2018_washer_safeguard,2018 Washer Safeguard,benchmark,,Laundry equipment,CPI,treatment,2018-02-07,2018-01-31,2016-01-31,2019-09-30,effective,Section 201,benchmark consumer treatment,2018-02-28,2018-01-31,-4,98.47863474004498,-1.5213652599550187,1.3444062489363917,
CUUR0000SS30021,2017-11-30,84.149,2018_washer_safeguard,2018 Washer Safeguard,benchmark,,Laundry equipment,CPI,treatment,2018-02-07,2018-01-31,2016-01-31,2019-09-30,effective,Section 201,benchmark consumer treatment,2018-02-28,2018-01-31,-3,92.76910526083697,-7.230894739163034,-5.797734193086157,
CUUR0000SS30021,2017-12-31,86.228,2018_washer_safeguard,2018 Washer Safeguard,benchmark,,Laundry equipment,CPI,treatment,2018-02-07,2018-01-31,2016-01-31,2019-09-30,effective,Section 201,benchmark consumer treatment,2018-02-28,2018-01-31,-2,95.06107509811703,-4.93892490188297,2.470617594980329,
CUUR0000SS30021,2018-01-31,90.708,2018_washer_safeguard,2018 Washer Safeguard,benchmark,,Laundry equipment,CPI,treatment,2018-02-07,2018-01-31,2016-01-31,2019-09-30,effective,Section 201,benchmark consumer treatment,2018-02-28,2018-01-31,-1,100.0,0.0,5.195528134712624,-3.643587074295196
CUUR0000SS30021,2018-02-28,86.107,2018_washer_safeguard,2018 Washer Safeguard,benchmark,,Laundry equipment,CPI,treatment,2018-02-07,2018-01-31,2016-01-31,2019-09-30,effective,Section 201,benchmark consumer treatment,2018-02-28,2018-01-31,0,94.92768002822243,-5.072319971777574,-5.072319971777572,-7.614480065233242
CUUR0000SS30021,2018-03-31,86.28,2018_washer_safeguard,2018 Washer Safeguard,benchmark,,Laundry equipment,CPI,treatment,2018-02-07,2018-01-31,2016-01-31,2019-09-30,effective,Section 201,benchmark consumer treatment,2018-02-28,2018-01-31,1,95.1184019050139,-4.881598094986103,0.20091281777323555,-7.196867840509413
CUUR0000SS30021,2018-04-30,94.18,2018_washer_safeguard,2018 Washer Safeguard,benchmark,,Laundry equipment,CPI,treatment,2018-02-07,2018-01-31,2016-01-31,2019-09-30,effective,Section 201,benchmark consumer treatment,2018-02-28,2018-01-31,2,103.82766679895931,3.8276667989593136,9.156235512285594,2.7291171273369885
CUUR0000SS30021,2018-05-31,100.191,2018_washer_safeguard,2018 Washer Safeguard,benchmark,,Laundry equipment,CPI,treatment,2018-02-07,2018-01-31,2016-01-31,2019-09-30,effective,Section 201,benchmark consumer treatment,2018-02-28,2018-01-31,3,110.454425188517,10.454425188517007,6.38245912083244,8.427124366910533
CUUR0000SS30021,2018-06-30,102.001,2018_washer_safeguard,2018 Washer Safeguard,benchmark,,Laundry equipment,CPI,treatment,2018-02-07,2018-01-31,2016-01-31,2019-09-30,effective,Section 201,benchmark consumer treatment,2018-02-28,2018-01-31,4,112.44983904396526,12.449839043965255,1.8065494904732082,13.122026417061306
CUUR0000SS30021,2018-07-31,100.585,2018_washer_safeguard,2018 Washer Safeguard,benchmark,,Laundry equipment,CPI,treatment,2018-02-07,2018-01-31,2016-01-31,2019-09-30,effective,Section 201,benchmark consumer treatment,2018-02-28,2018-01-31,5,110.8887859946201,10.888785994620093,-1.388221684101143,15.426545179132912
CUUR0000SS30021,2018-08-31,99.39,2018_washer_safeguard,2018 Washer Safeguard,benchmark,,Laundry equipment,CPI,treatment,2018-02-07,2018-01-31,2016-01-31,2019-09-30,effective,Section 201,benchmark consumer treatment,2018-02-28,2018-01-31,6,109.57137187458659,9.571371874586589,-1.1880499080379692,13.619735698934576
CUUR0000SS30021,2018-09-30,97.48,2018_washer_safeguard,2018 Washer Safeguard,benchmark,,Laundry equipment,CPI,treatment,2018-02-07,2018-01-31,2016-01-31,2019-09-30,effective,Section 201,benchmark consumer treatment,2018-02-28,2018-01-31,7,107.4657141597213,7.465714159721301,-1.9217225072944877,10.59301362558569
CUUR0000SS30021,2018-10-31,98.16,2018_washer_safeguard,2018 Washer Safeguard,benchmark,,Laundry equipment,CPI,treatment,2018-02-07,2018-01-31,2016-01-31,2019-09-30,effective,Section 201,benchmark consumer treatment,2018-02-28,2018-01-31,8,108.21537240375712,8.215372403757115,0.6975789905621532,9.887157442235338
CUUR0000SS30021,2018-11-30,97.213,2018_washer_safeguard,2018 Washer Safeguard,benchmark,,Laundry equipment,CPI,treatment,2018-02-07,2018-01-31,2016-01-31,2019-09-30,effective,Section 201,benchmark consumer treatment,2018-02-28,2018-01-31,9,107.17136305507782,7.171363055077819,-0.9647514262428714,15.524842838298714
CUUR0000SS30021,2018-12-31,97.637,2018_washer_safeguard,2018 Washer Safeguard,benchmark,,Laundry equipment,CPI,treatment,2018-02-07,2018-01-31,2016-01-31,2019-09-30,effective,Section 201,benchmark consumer treatment,2018-02-28,2018-01-31,10,107.63879701900605,7.638797019006049,0.4361556581938597,13.23120100199473
CUUR0000SS30021,2019-01-31,97.235,2018_washer_safeguard,2018 Washer Safeguard,benchmark,,Laundry equipment,CPI,treatment,2018-02-07,2018-01-31,2016-01-31,2019-09-30,effective,Section 201,benchmark consumer treatment,2018-02-28,2018-01-31,11,107.19561670414959,7.195616704149586,-0.4117291600520323,7.195616704149588
CUUR0000SS30021,2019-02-28,93.74,2018_washer_safeguard,2018 Washer Safeguard,benchmark,,Laundry equipment,CPI,treatment,2018-02-07,2018-01-31,2016-01-31,2019-09-30,effective,Section 201,benchmark consumer treatment,2018-02-28,2018-01-31,12,103.34259381752435,3.342593817524346,-3.5943847380058624,8.864552243139334
CUUR0000SS30021,2019-03-31,93.839,2018_washer_safeguard,2018 Washer Safeguard,benchmark,,Laundry equipment,CPI,treatment,2018-02-07,2018-01-31,2016-01-31,2019-09-30,effective,Section 201,benchmark consumer treatment,2018-02-28,2018-01-31,13,103.45173523834723,3.4517352383472257,0.10561126520163278,8.761010662957801
CUUR0000SS30021,2019-04-30,96.969,2018_washer_safeguard,2018 Washer Safeguard,benchmark,,Laundry equipment,CPI,treatment,2018-02-07,2018-01-31,2016-01-31,2019-09-30,effective,Section 201,benchmark consumer treatment,2018-02-28,2018-01-31,14,106.90236803810026,6.9023680381002634,3.3355001651765193,2.9613506052240224
CUUR0000SS30021,2019-05-31,98.636,2018_washer_safeguard,2018 Washer Safeguard,benchmark,,Laundry equipment,CPI,treatment,2018-02-07,2018-01-31,2016-01-31,2019-09-30,effective,Section 201,benchmark consumer treatment,2018-02-28,2018-01-31,15,108.74013317458218,8.740133174582184,1.71910610607513,-1.5520356119811174
CUUR0000SS30021,2019-06-30,97.945,2018_washer_safeguard,2018 Washer Safeguard,benchmark,,Laundry equipment,CPI,treatment,2018-02-07,2018-01-31,2016-01-31,2019-09-30,effective,Section 201,benchmark consumer treatment,2018-02-28,2018-01-31,16,107.97834810601049,7.978348106010486,-0.7005555780850825,-3.976431603611741
CUUR0000SS30021,2019-07-31,95.928,2018_washer_safeguard,2018 Washer Safeguard,benchmark,,Laundry equipment,CPI,treatment,2018-02-07,2018-01-31,2016-01-31,2019-09-30,effective,Section 201,benchmark consumer treatment,2018-02-28,2018-01-31,17,105.75472946156899,5.754729461568985,-2.0593190055643418,-4.629914997265994
CUUR0000SS30021,2019-08-31,91.073,2018_washer_safeguard,2018 Washer Safeguard,benchmark,,Laundry equipment,CPI,treatment,2018-02-07,2018-01-31,2016-01-31,2019-09-30,effective,Section 201,benchmark consumer treatment,2018-02-28,2018-01-31,18,100.40239008687215,0.4023900868721455,-5.061087482278381,-8.368045074957243
CUUR0000SS30021,2019-09-30,91.065,2018_washer_safeguard,2018 Washer Safeguard,benchmark,,Laundry equipment,CPI,treatment,2018-02-07,2018-01-31,2016-01-31,2019-09-30,effective,Section 201,benchmark consumer treatment,2018-02-28,2018-01-31,19,100.3935705781188,0.3935705781187977,-0.008784162155628383,-6.5808370947886825
PCU335220335220,2017-01-31,100.8,2018_washer_safeguard,2018 Washer Safeguard,benchmark,,Major household appliance manufacturing,PPI,proxy,2018-02-07,2018-01-31,2016-01-31,2019-09-30,effective,Section 201,producer-side proxy,2018-02-28,2018-01-31,-13,98.92051030421982,-1.0794896957801825,,
PCU335220335220,2017-02-28,100.4,2018_washer_safeguard,2018 Washer Safeguard,benchmark,,Major household appliance manufacturing,PPI,proxy,2018-02-07,2018-01-31,2016-01-31,2019-09-30,effective,Section 201,producer-side proxy,2018-02-28,2018-01-31,-12,98.5279685966634,-1.4720314033366009,-0.3968253968253843,
PCU335220335220,2017-03-31,100.6,2018_washer_safeguard,2018 Washer Safeguard,benchmark,,Major household appliance manufacturing,PPI,proxy,2018-02-07,2018-01-31,2016-01-31,2019-09-30,effective,Section 201,producer-side proxy,2018-02-28,2018-01-31,-11,98.7242394504416,-1.2757605495583988,0.19920318725097363,
PCU335220335220,2017-04-30,100.6,2018_washer_safeguard,2018 Washer Safeguard,benchmark,,Major household appliance manufacturing,PPI,proxy,2018-02-07,2018-01-31,2016-01-31,2019-09-30,effective,Section 201,producer-side proxy,2018-02-28,2018-01-31,-10,98.7242394504416,-1.2757605495583988,0.0,
PCU335220335220,2017-05-31,100.6,2018_washer_safeguard,2018 Washer Safeguard,benchmark,,Major household appliance manufacturing,PPI,proxy,2018-02-07,2018-01-31,2016-01-31,2019-09-30,effective,Section 201,producer-side proxy,2018-02-28,2018-01-31,-9,98.7242394504416,-1.2757605495583988,0.0,
PCU335220335220,2017-06-30,100.7,2018_washer_safeguard,2018 Washer Safeguard,benchmark,,Major household appliance manufacturing,PPI,proxy,2018-02-07,2018-01-31,2016-01-31,2019-09-30,effective,Section 201,producer-side proxy,2018-02-28,2018-01-31,-8,98.82237487733072,-1.1776251226692835,0.09940357852884496,
PCU335220335220,2017-07-31,100.6,2018_washer_safeguard,2018 Washer Safeguard,benchmark,,Major household appliance manufacturing,PPI,proxy,2018-02-07,2018-01-31,2016-01-31,2019-09-30,effective,Section 201,producer-side proxy,2018-02-28,2018-01-31,-7,98.7242394504416,-1.2757605495583988,-0.09930486593844323,
PCU335220335220,2017-08-31,100.3,2018_washer_safeguard,2018 Washer Safeguard,benchmark,,Major household appliance manufacturing,PPI,proxy,2018-02-07,2018-01-31,2016-01-31,2019-09-30,effective,Section 201,producer-side proxy,2018-02-28,2018-01-31,-6,98.42983316977428,-1.5701668302257161,-0.29821073558647937,
PCU335220335220,2017-09-30,100.8,2018_washer_safeguard,2018 Washer Safeguard,benchmark,,Major household appliance manufacturing,PPI,proxy,2018-02-07,2018-01-31,2016-01-31,2019-09-30,effective,Section 201,producer-side proxy,2018-02-28,2018-01-31,-5,98.92051030421982,-1.0794896957801825,0.49850448654038537,
PCU335220335220,2017-10-31,101.0,2018_washer_safeguard,2018 Washer Safeguard,benchmark,,Major household appliance manufacturing,PPI,proxy,2018-02-07,2018-01-31,2016-01-31,2019-09-30,effective,Section 201,producer-side proxy,2018-02-28,2018-01-31,-4,99.11678115799803,-0.8832188420019662,0.1984126984126977,
PCU335220335220,2017-11-30,101.3,2018_washer_safeguard,2018 Washer Safeguard,benchmark,,Major household appliance manufacturing,PPI,proxy,2018-02-07,2018-01-31,2016-01-31,2019-09-30,effective,Section 201,producer-side proxy,2018-02-28,2018-01-31,-3,99.41118743866535,-0.5888125613346489,0.2970297029702973,
PCU335220335220,2017-12-31,100.7,2018_washer_safeguard,2018 Washer Safeguard,benchmark,,Major household appliance manufacturing,PPI,proxy,2018-02-07,2018-01-31,2016-01-31,2019-09-30,effective,Section 201,producer-side proxy,2018-02-28,2018-01-31,-2,98.82237487733072,-1.1776251226692835,-0.5923000987166804,
PCU335220335220,2018-01-31,101.9,2018_washer_safeguard,2018 Washer Safeguard,benchmark,,Major household appliance manufacturing,PPI,proxy,2018-02-07,2018-01-31,2016-01-31,2019-09-30,effective,Section 201,producer-side proxy,2018-02-28,2018-01-31,-1,100.0,0.0,1.1916583912611856,1.0912698412698596
PCU335220335220,2018-02-28,102.3,2018_washer_safeguard,2018 Washer Safeguard,benchmark,,Major household appliance manufacturing,PPI,proxy,2018-02-07,2018-01-31,2016-01-31,2019-09-30,effective,Section 201,producer-side proxy,2018-02-28,2018-01-31,0,100.39254170755643,0.3925417075564326,0.39254170755642637,1.8924302788844605
PCU335220335220,2018-03-31,102.7,2018_washer_safeguard,2018 Washer Safeguard,benchmark,,Major household appliance manufacturing,PPI,proxy,2018-02-07,2018-01-31,2016-01-31,2019-09-30,effective,Section 201,producer-side proxy,2018-02-28,2018-01-31,1,100.78508341511285,0.785083415112851,0.3910068426197455,2.0874751491053667
PCU335220335220,2018-04-30,103.6,2018_washer_safeguard,2018 Washer Safeguard,benchmark,,Major household appliance manufacturing,PPI,proxy,2018-02-07,2018-01-31,2016-01-31,2019-09-30,effective,Section 201,producer-side proxy,2018-02-28,2018-01-31,2,101.6683022571148,1.668302257114803,0.8763388510223846,2.982107355864816
PCU335220335220,2018-05-31,103.6,2018_washer_safeguard,2018 Washer Safeguard,benchmark,,Major household appliance manufacturing,PPI,proxy,2018-02-07,2018-01-31,2016-01-31,2019-09-30,effective,Section 201,producer-side proxy,2018-02-28,2018-01-31,3,101.6683022571148,1.668302257114803,0.0,2.982107355864816
PCU335220335220,2018-06-30,104.9,2018_washer_safeguard,2018 Washer Safeguard,benchmark,,Major household appliance manufacturing,PPI,proxy,2018-02-07,2018-01-31,2016-01-31,2019-09-30,effective,Section 201,producer-side proxy,2018-02-28,2018-01-31,4,102.9440628066732,2.9440628066732017,1.254826254826269,4.170804369414105
PCU335220335220,2018-07-31,104.8,2018_washer_safeguard,2018 Washer Safeguard,benchmark,,Major household appliance manufacturing,PPI,proxy,2018-02-07,2018-01-31,2016-01-31,2019-09-30,effective,Section 201,producer-side proxy,2018-02-28,2018-01-31,5,102.84592737978409,2.8459273797840865,-0.09532888465205724,4.174950298210733
PCU335220335220,2018-08-31,104.7,2018_washer_safeguard,2018 Washer Safeguard,benchmark,,Major household appliance manufacturing,PPI,proxy,2018-02-07,2018-01-31,2016-01-31,2019-09-30,effective,Section 201,producer-side proxy,2018-02-28,2018-01-31,6,102.74779195289499,2.7477919528949855,-0.0954198473282375,4.386839481555338
PCU335220335220,2018-09-30,105.1,2018_washer_safeguard,2018 Washer Safeguard,benchmark,,Major household appliance manufacturing,PPI,proxy,2018-02-07,2018-01-31,2016-01-31,2019-09-30,effective,Section 201,producer-side proxy,2018-02-28,2018-01-31,7,103.1403336604514,3.140333660451404,0.3820439350525229,4.265873015873023
PCU335220335220,2018-10-31,105.1,2018_washer_safeguard,2018 Washer Safeguard,benchmark,,Major household appliance manufacturing,PPI,proxy,2018-02-07,2018-01-31,2016-01-31,2019-09-30,effective,Section 201,producer-side proxy,2018-02-28,2018-01-31,8,103.1403336604514,3.140333660451404,0.0,4.059405940594063
PCU335220335220,2018-11-30,104.7,2018_washer_safeguard,2018 Washer Safeguard,benchmark,,Major household appliance manufacturing,PPI,proxy,2018-02-07,2018-01-31,2016-01-31,2019-09-30,effective,Section 201,producer-side proxy,2018-02-28,2018-01-31,9,102.74779195289499,2.7477919528949855,-0.38058991436725753,3.3563672260612076
PCU335220335220,2018-12-31,104.2,2018_washer_safeguard,2018 Washer Safeguard,benchmark,,Major household appliance manufacturing,PPI,proxy,2018-02-07,2018-01-31,2016-01-31,2019-09-30,effective,Section 201,producer-side proxy,2018-02-28,2018-01-31,10,102.25711481844945,2.257114818449452,-0.47755491881565915,3.47567030784508
PCU335220335220,2019-01-31,107.2,2018_washer_safeguard,2018 Washer Safeguard,benchmark,,Major household appliance manufacturing,PPI,proxy,2018-02-07,2018-01-31,2016-01-31,2019-09-30,effective,Section 201,producer-side proxy,2018-02-28,2018-01-31,11,105.20117762512267,5.201177625122668,2.8790786948176494,5.201177625122666
PCU335220335220,2019-02-28,107.7,2018_washer_safeguard,2018 Washer Safeguard,benchmark,,Major household appliance manufacturing,PPI,proxy,2018-02-07,2018-01-31,2016-01-31,2019-09-30,effective,Section 201,producer-side proxy,2018-02-28,2018-01-31,12,105.69185475956819,5.691854759568187,0.4664179104477695,5.278592375366564
PCU335220335220,2019-03-31,107.5,2018_washer_safeguard,2018 Washer Safeguard,benchmark,,Major household appliance manufacturing,PPI,proxy,2018-02-07,2018-01-31,2016-01-31,2019-09-30,effective,Section 201,producer-side proxy,2018-02-28,2018-01-31,13,105.49558390578999,5.495583905789985,-0.18570102135562205,4.673807205452762
PCU335220335220,2019-04-30,108.1,2018_washer_safeguard,2018 Washer Safeguard,benchmark,,Major household appliance manufacturing,PPI,proxy,2018-02-07,2018-01-31,2016-01-31,2019-09-30,effective,Section 201,producer-side proxy,2018-02-28,2018-01-31,14,106.08439646712462,6.08439646712462,0.5581395348837059,4.343629343629352
PCU335220335220,2019-05-31,108.3,2018_washer_safeguard,2018 Washer Safeguard,benchmark,,Major household appliance manufacturing,PPI,proxy,2018-02-07,2018-01-31,2016-01-31,2019-09-30,effective,Section 201,producer-side proxy,2018-02-28,2018-01-31,15,106.28066732090285,6.28066732090285,0.18501387604070718,4.536679536679533
PCU335220335220,2019-06-30,108.3,2018_washer_safeguard,2018 Washer Safeguard,benchmark,,Major household appliance manufacturing,PPI,proxy,2018-02-07,2018-01-31,2016-01-31,2019-09-30,effective,Section 201,producer-side proxy,2018-02-28,2018-01-31,16,106.28066732090285,6.28066732090285,0.0,3.24118207816968
PCU335220335220,2019-07-31,107.8,2018_washer_safeguard,2018 Washer Safeguard,benchmark,,Major household appliance manufacturing,PPI,proxy,2018-02-07,2018-01-31,2016-01-31,2019-09-30,effective,Section 201,producer-side proxy,2018-02-28,2018-01-31,17,105.78999018645729,5.789990186457288,-0.4616805170821747,2.8625954198473247
PCU335220335220,2019-08-31,108.2,2018_washer_safeguard,2018 Washer Safeguard,benchmark,,Major household appliance manufacturing,PPI,proxy,2018-02-07,2018-01-31,2016-01-31,2019-09-30,effective,Section 201,producer-side proxy,2018-02-28,2018-01-31,18,106.18253189401375,6.182531894013749,0.37105751391466324,3.3428844317096473
PCU335220335220,2019-09-30,108.8,2018_washer_safeguard,2018 Washer Safeguard,benchmark,,Major household appliance manufacturing,PPI,proxy,2018-02-07,2018-01-31,2016-01-31,2019-09-30,effective,Section 201,producer-side proxy,2018-02-28,2018-01-31,19,106.77134445534837,6.77134445534837,0.5545286506469349,3.520456707897246
CUUR0000SEHH,2017-01-31,59.022,2018_washer_safeguard_robust,2018 Washer Safeguard Robustness,robustness,,Window and floor coverings and other linens,CPI,control,2018-02-07,2018-01-31,2016-01-31,2019-09-30,effective,Section 201,robustness consumer control,2018-02-28,2018-01-31,-13,99.99491740787802,-0.005082592121979701,,
CUUR0000SEHH,2017-02-28,59.194,2018_washer_safeguard_robust,2018 Washer Safeguard Robustness,robustness,,Window and floor coverings and other linens,CPI,control,2018-02-07,2018-01-31,2016-01-31,2019-09-30,effective,Section 201,robustness consumer control,2018-02-28,2018-01-31,-12,100.286319356205,0.2863193562049986,0.2914167598522699,
CUUR0000SEHH,2017-03-31,59.499,2018_washer_safeguard_robust,2018 Washer Safeguard Robustness,robustness,,Window and floor coverings and other linens,CPI,control,2018-02-07,2018-01-31,2016-01-31,2019-09-30,effective,Section 201,robustness consumer control,2018-02-28,2018-01-31,-11,100.80304955527319,0.8030495552731907,0.5152549244855864,
CUUR0000SEHH,2017-04-30,59.384,2018_washer_safeguard_robust,2018 Washer Safeguard Robustness,robustness,,Window and floor coverings and other linens,CPI,control,2018-02-07,2018-01-31,2016-01-31,2019-09-30,effective,Section 201,robustness consumer control,2018-02-28,2018-01-31,-10,100.60821685726387,0.6082168572638693,-0.19328055933713895,
CUUR0000SEHH,2017-05-31,57.829,2018_washer_safeguard_robust,2018 Washer Safeguard Robustness,robustness,,Window and floor coverings and other linens,CPI,control,2018-02-07,2018-01-31,2016-01-31,2019-09-30,effective,Section 201,robustness consumer control,2018-02-28,2018-01-31,-9,97.9737399407031,-2.0262600592969022,-2.618550451300017,
CUUR0000SEHH,2017-06-30,56.974,2018_washer_safeguard_robust,2018 Washer Safeguard Robustness,robustness,,Window and floor coverings and other linens,CPI,control,2018-02-07,2018-01-31,2016-01-31,2019-09-30,effective,Section 201,robustness consumer control,2018-02-28,2018-01-31,-8,96.52520118593816,-3.4747988140618418,-1.4784969478981225,
CUUR0000SEHH,2017-07-31,57.205,2018_washer_safeguard_robust,2018 Washer Safeguard Robustness,robustness,,Window and floor coverings and other linens,CPI,control,2018-02-07,2018-01-31,2016-01-31,2019-09-30,effective,Section 201,robustness consumer control,2018-02-28,2018-01-31,-7,96.9165607793308,-3.083439220669206,0.40544809913294344,
CUUR0000SEHH,2017-08-31,56.91,2018_washer_safeguard_robust,2018 Washer Safeguard Robustness,robustness,,Window and floor coverings and other linens,CPI,control,2018-02-07,2018-01-31,2016-01-31,2019-09-30,effective,Section 201,robustness consumer control,2018-02-28,2018-01-31,-6,96.41677255400253,-3.5832274459974656,-0.5156891880080394,
CUUR0000SEHH,2017-09-30,57.909,2018_washer_safeguard_robust,2018 Washer Safeguard Robustness,robustness,,Window and floor coverings and other linens,CPI,control,2018-02-07,2018-01-31,2016-01-31,2019-09-30,effective,Section 201,robustness consumer control,2018-02-28,2018-01-31,-5,98.10927573062261,-1.8907242693773867,1.7554032683184007,
CUUR0000SEHH,2017-10-31,58.157,2018_washer_safeguard_robust,2018 Washer Safeguard Robustness,robustness,,Window and floor coverings and other linens,CPI,control,2018-02-07,2018-01-31,2016-01-31,2019-09-30,effective,Section 201,robustness consumer control,2018-02-28,2018-01-31,-4,98.52943667937313,-1.4705633206268658,0.4282581291336296,
CUUR0000SEHH,2017-11-30,56.567,2018_washer_safeguard_robust,2018 Washer Safeguard Robustness,robustness,,Window and floor coverings and other linens,CPI,control,2018-02-07,2018-01-31,2016-01-31,2019-09-30,effective,Section 201,robustness consumer control,2018-02-28,2018-01-31,-3,95.83566285472259,-4.164337145277415,-2.7339787127946713,
CUUR0000SEHH,2017-12-31,56.709,2018_washer_safeguard_robust,2018 Washer Safeguard Robustness,robustness,,Window and floor coverings and other linens,CPI,control,2018-02-07,2018-01-31,2016-01-31,2019-09-30,effective,Section 201,robustness consumer control,2018-02-28,2018-01-31,-2,96.07623888182974,-3.923761118170262,0.25102975232911273,
CUUR0000SEHH,2018-01-31,59.025,2018_washer_safeguard_robust,2018 Washer Safeguard Robustness,robustness,,Window and floor coverings and other linens,CPI,control,2018-02-07,2018-01-31,2016-01-31,2019-09-30,effective,Section 201,robustness consumer control,2018-02-28,2018-01-31,-1,100.0,0.0,4.084007829445047,0.0050828504625455295
CUUR0000SEHH,2018-02-28,59.28,2018_washer_safeguard_robust,2018 Washer Safeguard Robustness,robustness,,Window and floor coverings and other linens,CPI,control,2018-02-07,2018-01-31,2016-01-31,2019-09-30,effective,Section 201,robustness consumer control,2018-02-28,2018-01-31,0,100.43202033036849,0.43202033036848775,0.43202033036848775,0.14528499510084725
CUUR0000SEHH,2018-03-31,58.511,2018_washer_safeguard_robust,2018 Washer Safeguard Robustness,robustness,,Window and floor coverings and other linens,CPI,control,2018-02-07,2018-01-31,2016-01-31,2019-09-30,effective,Section 201,robustness consumer control,2018-02-28,2018-01-31,1,99.12918254976705,-0.8708174502329484,-1.2972334682860964,-1.6605321097833525
CUUR0000SEHH,2018-04-30,58.404,2018_washer_safeguard_robust,2018 Washer Safeguard Robustness,robustness,,Window and floor coverings and other linens,CPI,control,2018-02-07,2018-01-31,2016-01-31,2019-09-30,effective,Section 201,robustness consumer control,2018-02-28,2018-01-31,2,98.94790343074969,-1.0520965692503097,-0.18287159679376552,-1.6502761686649547
CUUR0000SEHH,2018-05-31,57.662,2018_washer_safeguard_robust,2018 Washer Safeguard Robustness,robustness,,Window and floor coverings and other linens,CPI,control,2018-02-07,2018-01-31,2016-01-31,2019-09-30,effective,Section 201,robustness consumer control,2018-02-28,2018-01-31,3,97.69080897924609,-2.3091910207539144,-1.2704609273337497,-0.2887824447941334
CUUR0000SEHH,2018-06-30,57.218,2018_washer_safeguard_robust,2018 Washer Safeguard Robustness,robustness,,Window and floor coverings and other linens,CPI,control,2018-02-07,2018-01-31,2016-01-31,2019-09-30,effective,Section 201,robustness consumer control,2018-02-28,2018-01-31,4,96.93858534519272,-3.0614146548072796,-0.7700045090354046,0.4282655246252709
CUUR0000SEHH,2018-07-31,56.891,2018_washer_safeguard_robust,2018 Washer Safeguard Robustness,robustness,,Window and floor coverings and other linens,CPI,control,2018-02-07,2018-01-31,2016-01-31,2019-09-30,effective,Section 201,robustness consumer control,2018-02-28,2018-01-31,5,96.38458280389666,-3.615417196103337,-0.571498479499466,-0.548903067913642
CUUR0000SEHH,2018-08-31,56.702,2018_washer_safeguard_robust,2018 Washer Safeguard Robustness,robustness,,Window and floor coverings and other linens,CPI,control,2018-02-07,2018-01-31,2016-01-31,2019-09-30,effective,Section 201,robustness consumer control,2018-02-28,2018-01-31,6,96.06437950021177,-3.9356204997882287,-0.3322142342374046,-0.3654893691794059
CUUR0000SEHH,2018-09-30,57.33,2018_washer_safeguard_robust,2018 Washer Safeguard Robustness,robustness,,Window and floor coverings and other linens,CPI,control,2018-02-07,2018-01-31,2016-01-31,2019-09-30,effective,Section 201,robustness consumer control,2018-02-28,2018-01-31,7,97.12833545108005,-2.871664548919952,1.107544707417718,-0.9998445837434589
CUUR0000SEHH,2018-10-31,58.59,2018_washer_safeguard_robust,2018 Washer Safeguard Robustness,robustness,,Window and floor coverings and other linens,CPI,control,2018-02-07,2018-01-31,2016-01-31,2019-09-30,effective,Section 201,robustness consumer control,2018-02-28,2018-01-31,8,99.26302414231259,-0.7369758576874119,2.197802197802212,0.7445363412830863
CUUR0000SEHH,2018-11-30,56.957,2018_washer_safeguard_robust,2018 Washer Safeguard Robustness,robustness,,Window and floor coverings and other linens,CPI,control,2018-02-07,2018-01-31,2016-01-31,2019-09-30,effective,Section 201,robustness consumer control,2018-02-28,2018-01-31,9,96.49639983058027,-3.5036001694197267,-2.787165045229567,0.6894479113263907
CUUR0000SEHH,2018-12-31,56.183,2018_washer_safeguard_robust,2018 Washer Safeguard Robustness,robustness,,Window and floor coverings and other linens,CPI,control,2018-02-07,2018-01-31,2016-01-31,2019-09-30,effective,Section 201,robustness consumer control,2018-02-28,2018-01-31,10,95.18509106310886,-4.814908936891143,-1.3589198869322527,-0.9275423654093728
CUUR0000SEHH,2019-01-31,58.335,2018_washer_safeguard_robust,2018 Washer Safeguard Robustness,robustness,,Window and floor coverings and other linens,CPI,control,2018-02-07,2018-01-31,2016-01-31,2019-09-30,effective,Section 201,robustness consumer control,2018-02-28,2018-01-31,11,98.8310038119441,-1.1689961880558997,3.8303401384760516,-1.168996188055904
CUUR0000SEHH,2019-02-28,57.187,2018_washer_safeguard_robust,2018 Washer Safeguard Robustness,robustness,,Window and floor coverings and other linens,CPI,control,2018-02-07,2018-01-31,2016-01-31,2019-09-30,effective,Section 201,robustness consumer control,2018-02-28,2018-01-31,12,96.88606522659889,-3.1139347734011125,-1.9679437730350635,-3.5307017543859676
CUUR0000SEHH,2019-03-31,57.44,2018_washer_safeguard_robust,2018 Washer Safeguard Robustness,robustness,,Window and floor coverings and other linens,CPI,control,2018-02-07,2018-01-31,2016-01-31,2019-09-30,effective,Section 201,robustness consumer control,2018-02-28,2018-01-31,13,97.3146971622194,-2.685302837780597,0.44240823963488385,-1.8304250482815254
CUUR0000SEHH,2019-04-30,56.641,2018_washer_safeguard_robust,2018 Washer Safeguard Robustness,robustness,,Window and floor coverings and other linens,CPI,control,2018-02-07,2018-01-31,2016-01-31,2019-09-30,effective,Section 201,robustness consumer control,2018-02-28,2018-01-31,14,95.96103346039814,-4.038966539601859,-1.3910167130919193,-3.0186288610369205
CUUR0000SEHH,2019-05-31,56.31,2018_washer_safeguard_robust,2018 Washer Safeguard Robustness,robustness,,Window and floor coverings and other linens,CPI,control,2018-02-07,2018-01-31,2016-01-31,2019-09-30,effective,Section 201,robustness consumer control,2018-02-28,2018-01-31,15,95.40025412960611,-4.599745870393889,-0.5843823378824498,-2.3446984149006256
CUUR0000SEHH,2019-06-30,55.642,2018_washer_safeguard_robust,2018 Washer Safeguard Robustness,robustness,,Window and floor coverings and other linens,CPI,control,2018-02-07,2018-01-31,2016-01-31,2019-09-30,effective,Section 201,robustness consumer control,2018-02-28,2018-01-31,16,94.26853028377806,-5.7314697162219375,-1.1862901793642355,-2.754377992939283
CUUR0000SEHH,2019-07-31,56.465,2018_washer_safeguard_robust,2018 Washer Safeguard Robustness,robustness,,Window and floor coverings and other linens,CPI,control,2018-02-07,2018-01-31,2016-01-31,2019-09-30,effective,Section 201,robustness consumer control,2018-02-28,2018-01-31,17,95.66285472257519,-4.33714527742481,1.4790985226986741,-0.7488003374874652
CUUR0000SEHH,2019-08-31,56.929,2018_washer_safeguard_robust,2018 Washer Safeguard Robustness,robustness,,Window and floor coverings and other linens,CPI,control,2018-02-07,2018-01-31,2016-01-31,2019-09-30,effective,Section 201,robustness consumer control,2018-02-28,2018-01-31,18,96.44896230410843,-3.5510376958915657,0.8217479854777165,0.4003386123946351
CUUR0000SEHH,2019-09-30,57.027,2018_washer_safeguard_robust,2018 Washer Safeguard Robustness,robustness,,Window and floor coverings and other linens,CPI,control,2018-02-07,2018-01-31,2016-01-31,2019-09-30,effective,Section 201,robustness consumer control,2018-02-28,2018-01-31,19,96.61499364675986,-3.3850063532401435,0.17214424985507737,-0.5285190999476663
CUUR0000SS30021,2017-01-31,94.138,2018_washer_safeguard_robust,2018 Washer Safeguard Robustness,robustness,,Laundry equipment,CPI,treatment,2018-02-07,2018-01-31,2016-01-31,2019-09-30,effective,Section 201,robustness consumer treatment,2018-02-28,2018-01-31,-13,103.78136437800416,3.781364378004156,,
CUUR0000SS30021,2017-02-28,93.204,2018_washer_safeguard_robust,2018 Washer Safeguard Robustness,robustness,,Laundry equipment,CPI,treatment,2018-02-07,2018-01-31,2016-01-31,2019-09-30,effective,Section 201,robustness consumer treatment,2018-02-28,2018-01-31,-12,102.75168673104909,2.751686731049091,-0.9921604453037136,
CUUR0000SS30021,2017-03-31,92.971,2018_washer_safeguard_robust,2018 Washer Safeguard Robustness,robustness,,Laundry equipment,CPI,treatment,2018-02-07,2018-01-31,2016-01-31,2019-09-30,effective,Section 201,robustness consumer treatment,2018-02-28,2018-01-31,-11,102.4948185386074,2.4948185386074044,-0.24998927084672884,
CUUR0000SS30021,2017-04-30,91.678,2018_washer_safeguard_robust,2018 Washer Safeguard Robustness,robustness,,Laundry equipment,CPI,treatment,2018-02-07,2018-01-31,2016-01-31,2019-09-30,effective,Section 201,robustness consumer treatment,2018-02-28,2018-01-31,-10,101.0693654363452,1.069365436345194,-1.3907562573275634,
CUUR0000SS30021,2017-05-31,92.404,2018_washer_safeguard_robust,2018 Washer Safeguard Robustness,robustness,,Laundry equipment,CPI,treatment,2018-02-07,2018-01-31,2016-01-31,2019-09-30,effective,Section 201,robustness consumer treatment,2018-02-28,2018-01-31,-9,101.86973585571283,1.8697358557128325,0.7919020921049791,
CUUR0000SS30021,2017-06-30,90.169,2018_washer_safeguard_robust,2018 Washer Safeguard Robustness,robustness,,Laundry equipment,CPI,treatment,2018-02-07,2018-01-31,2016-01-31,2019-09-30,effective,Section 201,robustness consumer treatment,2018-02-28,2018-01-31,-8,99.40578559774221,-0.5942144022577907,-2.4187264620579185,
CUUR0000SS30021,2017-07-31,87.142,2018_washer_safeguard_robust,2018 Washer Safeguard Robustness,robustness,,Laundry equipment,CPI,treatment,2018-02-07,2018-01-31,2016-01-31,2019-09-30,effective,Section 201,robustness consumer treatment,2018-02-28,2018-01-31,-7,96.06870397318869,-3.93129602681131,-3.357029577792814,
CUUR0000SS30021,2017-08-31,87.476,2018_washer_safeguard_robust,2018 Washer Safeguard Robustness,robustness,,Laundry equipment,CPI,treatment,2018-02-07,2018-01-31,2016-01-31,2019-09-30,effective,Section 201,robustness consumer treatment,2018-02-28,2018-01-31,-6,96.43691846364158,-3.5630815363584247,0.38328245851599885,
CUUR0000SS30021,2017-09-30,88.143,2018_washer_safeguard_robust,2018 Washer Safeguard Robustness,robustness,,Laundry equipment,CPI,treatment,2018-02-07,2018-01-31,2016-01-31,2019-09-30,effective,Section 201,robustness consumer treatment,2018-02-28,2018-01-31,-5,97.17224500595317,-2.8277549940468276,0.7624948557318545,
CUUR0000SS30021,2017-10-31,89.328,2018_washer_safeguard_robust,2018 Washer Safeguard Robustness,robustness,,Laundry equipment,CPI,treatment,2018-02-07,2018-01-31,2016-01-31,2019-09-30,effective,Section 201,robustness consumer treatment,2018-02-28,2018-01-31,-4,98.47863474004498,-1.5213652599550187,1.3444062489363917,
CUUR0000SS30021,2017-11-30,84.149,2018_washer_safeguard_robust,2018 Washer Safeguard Robustness,robustness,,Laundry equipment,CPI,treatment,2018-02-07,2018-01-31,2016-01-31,2019-09-30,effective,Section 201,robustness consumer treatment,2018-02-28,2018-01-31,-3,92.76910526083697,-7.230894739163034,-5.797734193086157,
CUUR0000SS30021,2017-12-31,86.228,2018_washer_safeguard_robust,2018 Washer Safeguard Robustness,robustness,,Laundry equipment,CPI,treatment,2018-02-07,2018-01-31,2016-01-31,2019-09-30,effective,Section 201,robustness consumer treatment,2018-02-28,2018-01-31,-2,95.06107509811703,-4.93892490188297,2.470617594980329,
CUUR0000SS30021,2018-01-31,90.708,2018_washer_safeguard_robust,2018 Washer Safeguard Robustness,robustness,,Laundry equipment,CPI,treatment,2018-02-07,2018-01-31,2016-01-31,2019-09-30,effective,Section 201,robustness consumer treatment,2018-02-28,2018-01-31,-1,100.0,0.0,5.195528134712624,-3.643587074295196
CUUR0000SS30021,2018-02-28,86.107,2018_washer_safeguard_robust,2018 Washer Safeguard Robustness,robustness,,Laundry equipment,CPI,treatment,2018-02-07,2018-01-31,2016-01-31,2019-09-30,effective,Section 201,robustness consumer treatment,2018-02-28,2018-01-31,0,94.92768002822243,-5.072319971777574,-5.072319971777572,-7.614480065233242
CUUR0000SS30021,2018-03-31,86.28,2018_washer_safeguard_robust,2018 Washer Safeguard Robustness,robustness,,Laundry equipment,CPI,treatment,2018-02-07,2018-01-31,2016-01-31,2019-09-30,effective,Section 201,robustness consumer treatment,2018-02-28,2018-01-31,1,95.1184019050139,-4.881598094986103,0.20091281777323555,-7.196867840509413
CUUR0000SS30021,2018-04-30,94.18,2018_washer_safeguard_robust,2018 Washer Safeguard Robustness,robustness,,Laundry equipment,CPI,treatment,2018-02-07,2018-01-31,2016-01-31,2019-09-30,effective,Section 201,robustness consumer treatment,2018-02-28,2018-01-31,2,103.82766679895931,3.8276667989593136,9.156235512285594,2.7291171273369885
CUUR0000SS30021,2018-05-31,100.191,2018_washer_safeguard_robust,2018 Washer Safeguard Robustness,robustness,,Laundry equipment,CPI,treatment,2018-02-07,2018-01-31,2016-01-31,2019-09-30,effective,Section 201,robustness consumer treatment,2018-02-28,2018-01-31,3,110.454425188517,10.454425188517007,6.38245912083244,8.427124366910533
CUUR0000SS30021,2018-06-30,102.001,2018_washer_safeguard_robust,2018 Washer Safeguard Robustness,robustness,,Laundry equipment,CPI,treatment,2018-02-07,2018-01-31,2016-01-31,2019-09-30,effective,Section 201,robustness consumer treatment,2018-02-28,2018-01-31,4,112.44983904396526,12.449839043965255,1.8065494904732082,13.122026417061306
CUUR0000SS30021,2018-07-31,100.585,2018_washer_safeguard_robust,2018 Washer Safeguard Robustness,robustness,,Laundry equipment,CPI,treatment,2018-02-07,2018-01-31,2016-01-31,2019-09-30,effective,Section 201,robustness consumer treatment,2018-02-28,2018-01-31,5,110.8887859946201,10.888785994620093,-1.388221684101143,15.426545179132912
CUUR0000SS30021,2018-08-31,99.39,2018_washer_safeguard_robust,2018 Washer Safeguard Robustness,robustness,,Laundry equipment,CPI,treatment,2018-02-07,2018-01-31,2016-01-31,2019-09-30,effective,Section 201,robustness consumer treatment,2018-02-28,2018-01-31,6,109.57137187458659,9.571371874586589,-1.1880499080379692,13.619735698934576
CUUR0000SS30021,2018-09-30,97.48,2018_washer_safeguard_robust,2018 Washer Safeguard Robustness,robustness,,Laundry equipment,CPI,treatment,2018-02-07,2018-01-31,2016-01-31,2019-09-30,effective,Section 201,robustness consumer treatment,2018-02-28,2018-01-31,7,107.4657141597213,7.465714159721301,-1.9217225072944877,10.59301362558569
CUUR0000SS30021,2018-10-31,98.16,2018_washer_safeguard_robust,2018 Washer Safeguard Robustness,robustness,,Laundry equipment,CPI,treatment,2018-02-07,2018-01-31,2016-01-31,2019-09-30,effective,Section 201,robustness consumer treatment,2018-02-28,2018-01-31,8,108.21537240375712,8.215372403757115,0.6975789905621532,9.887157442235338
CUUR0000SS30021,2018-11-30,97.213,2018_washer_safeguard_robust,2018 Washer Safeguard Robustness,robustness,,Laundry equipment,CPI,treatment,2018-02-07,2018-01-31,2016-01-31,2019-09-30,effective,Section 201,robustness consumer treatment,2018-02-28,2018-01-31,9,107.17136305507782,7.171363055077819,-0.9647514262428714,15.524842838298714
CUUR0000SS30021,2018-12-31,97.637,2018_washer_safeguard_robust,2018 Washer Safeguard Robustness,robustness,,Laundry equipment,CPI,treatment,2018-02-07,2018-01-31,2016-01-31,2019-09-30,effective,Section 201,robustness consumer treatment,2018-02-28,2018-01-31,10,107.63879701900605,7.638797019006049,0.4361556581938597,13.23120100199473
CUUR0000SS30021,2019-01-31,97.235,2018_washer_safeguard_robust,2018 Washer Safeguard Robustness,robustness,,Laundry equipment,CPI,treatment,2018-02-07,2018-01-31,2016-01-31,2019-09-30,effective,Section 201,robustness consumer treatment,2018-02-28,2018-01-31,11,107.19561670414959,7.195616704149586,-0.4117291600520323,7.195616704149588
CUUR0000SS30021,2019-02-28,93.74,2018_washer_safeguard_robust,2018 Washer Safeguard Robustness,robustness,,Laundry equipment,CPI,treatment,2018-02-07,2018-01-31,2016-01-31,2019-09-30,effective,Section 201,robustness consumer treatment,2018-02-28,2018-01-31,12,103.34259381752435,3.342593817524346,-3.5943847380058624,8.864552243139334
CUUR0000SS30021,2019-03-31,93.839,2018_washer_safeguard_robust,2018 Washer Safeguard Robustness,robustness,,Laundry equipment,CPI,treatment,2018-02-07,2018-01-31,2016-01-31,2019-09-30,effective,Section 201,robustness consumer treatment,2018-02-28,2018-01-31,13,103.45173523834723,3.4517352383472257,0.10561126520163278,8.761010662957801
CUUR0000SS30021,2019-04-30,96.969,2018_washer_safeguard_robust,2018 Washer Safeguard Robustness,robustness,,Laundry equipment,CPI,treatment,2018-02-07,2018-01-31,2016-01-31,2019-09-30,effective,Section 201,robustness consumer treatment,2018-02-28,2018-01-31,14,106.90236803810026,6.9023680381002634,3.3355001651765193,2.9613506052240224
CUUR0000SS30021,2019-05-31,98.636,2018_washer_safeguard_robust,2018 Washer Safeguard Robustness,robustness,,Laundry equipment,CPI,treatment,2018-02-07,2018-01-31,2016-01-31,2019-09-30,effective,Section 201,robustness consumer treatment,2018-02-28,2018-01-31,15,108.74013317458218,8.740133174582184,1.71910610607513,-1.5520356119811174
CUUR0000SS30021,2019-06-30,97.945,2018_washer_safeguard_robust,2018 Washer Safeguard Robustness,robustness,,Laundry equipment,CPI,treatment,2018-02-07,2018-01-31,2016-01-31,2019-09-30,effective,Section 201,robustness consumer treatment,2018-02-28,2018-01-31,16,107.97834810601049,7.978348106010486,-0.7005555780850825,-3.976431603611741
CUUR0000SS30021,2019-07-31,95.928,2018_washer_safeguard_robust,2018 Washer Safeguard Robustness,robustness,,Laundry equipment,CPI,treatment,2018-02-07,2018-01-31,2016-01-31,2019-09-30,effective,Section 201,robustness consumer treatment,2018-02-28,2018-01-31,17,105.75472946156899,5.754729461568985,-2.0593190055643418,-4.629914997265994
CUUR0000SS30021,2019-08-31,91.073,2018_washer_safeguard_robust,2018 Washer Safeguard Robustness,robustness,,Laundry equipment,CPI,treatment,2018-02-07,2018-01-31,2016-01-31,2019-09-30,effective,Section 201,robustness consumer treatment,2018-02-28,2018-01-31,18,100.40239008687215,0.4023900868721455,-5.061087482278381,-8.368045074957243
CUUR0000SS30021,2019-09-30,91.065,2018_washer_safeguard_robust,2018 Washer Safeguard Robustness,robustness,,Laundry equipment,CPI,treatment,2018-02-07,2018-01-31,2016-01-31,2019-09-30,effective,Section 201,robustness consumer treatment,2018-02-28,2018-01-31,19,100.3935705781188,0.3935705781187977,-0.008784162155628383,-6.5808370947886825
PCU335220335220,2017-01-31,100.8,2018_washer_safeguard_robust,2018 Washer Safeguard Robustness,robustness,,Major household appliance manufacturing,PPI,proxy,2018-02-07,2018-01-31,2016-01-31,2019-09-30,effective,Section 201,producer-side proxy,2018-02-28,2018-01-31,-13,98.92051030421982,-1.0794896957801825,,
PCU335220335220,2017-02-28,100.4,2018_washer_safeguard_robust,2018 Washer Safeguard Robustness,robustness,,Major household appliance manufacturing,PPI,proxy,2018-02-07,2018-01-31,2016-01-31,2019-09-30,effective,Section 201,producer-side proxy,2018-02-28,2018-01-31,-12,98.5279685966634,-1.4720314033366009,-0.3968253968253843,
PCU335220335220,2017-03-31,100.6,2018_washer_safeguard_robust,2018 Washer Safeguard Robustness,robustness,,Major household appliance manufacturing,PPI,proxy,2018-02-07,2018-01-31,2016-01-31,2019-09-30,effective,Section 201,producer-side proxy,2018-02-28,2018-01-31,-11,98.7242394504416,-1.2757605495583988,0.19920318725097363,
PCU335220335220,2017-04-30,100.6,2018_washer_safeguard_robust,2018 Washer Safeguard Robustness,robustness,,Major household appliance manufacturing,PPI,proxy,2018-02-07,2018-01-31,2016-01-31,2019-09-30,effective,Section 201,producer-side proxy,2018-02-28,2018-01-31,-10,98.7242394504416,-1.2757605495583988,0.0,
PCU335220335220,2017-05-31,100.6,2018_washer_safeguard_robust,2018 Washer Safeguard Robustness,robustness,,Major household appliance manufacturing,PPI,proxy,2018-02-07,2018-01-31,2016-01-31,2019-09-30,effective,Section 201,producer-side proxy,2018-02-28,2018-01-31,-9,98.7242394504416,-1.2757605495583988,0.0,
PCU335220335220,2017-06-30,100.7,2018_washer_safeguard_robust,2018 Washer Safeguard Robustness,robustness,,Major household appliance manufacturing,PPI,proxy,2018-02-07,2018-01-31,2016-01-31,2019-09-30,effective,Section 201,producer-side proxy,2018-02-28,2018-01-31,-8,98.82237487733072,-1.1776251226692835,0.09940357852884496,
PCU335220335220,2017-07-31,100.6,2018_washer_safeguard_robust,2018 Washer Safeguard Robustness,robustness,,Major household appliance manufacturing,PPI,proxy,2018-02-07,2018-01-31,2016-01-31,2019-09-30,effective,Section 201,producer-side proxy,2018-02-28,2018-01-31,-7,98.7242394504416,-1.2757605495583988,-0.09930486593844323,
PCU335220335220,2017-08-31,100.3,2018_washer_safeguard_robust,2018 Washer Safeguard Robustness,robustness,,Major household appliance manufacturing,PPI,proxy,2018-02-07,2018-01-31,2016-01-31,2019-09-30,effective,Section 201,producer-side proxy,2018-02-28,2018-01-31,-6,98.42983316977428,-1.5701668302257161,-0.29821073558647937,
PCU335220335220,2017-09-30,100.8,2018_washer_safeguard_robust,2018 Washer Safeguard Robustness,robustness,,Major household appliance manufacturing,PPI,proxy,2018-02-07,2018-01-31,2016-01-31,2019-09-30,effective,Section 201,producer-side proxy,2018-02-28,2018-01-31,-5,98.92051030421982,-1.0794896957801825,0.49850448654038537,
PCU335220335220,2017-10-31,101.0,2018_washer_safeguard_robust,2018 Washer Safeguard Robustness,robustness,,Major household appliance manufacturing,PPI,proxy,2018-02-07,2018-01-31,2016-01-31,2019-09-30,effective,Section 201,producer-side proxy,2018-02-28,2018-01-31,-4,99.11678115799803,-0.8832188420019662,0.1984126984126977,
PCU335220335220,2017-11-30,101.3,2018_washer_safeguard_robust,2018 Washer Safeguard Robustness,robustness,,Major household appliance manufacturing,PPI,proxy,2018-02-07,2018-01-31,2016-01-31,2019-09-30,effective,Section 201,producer-side proxy,2018-02-28,2018-01-31,-3,99.41118743866535,-0.5888125613346489,0.2970297029702973,
PCU335220335220,2017-12-31,100.7,2018_washer_safeguard_robust,2018 Washer Safeguard Robustness,robustness,,Major household appliance manufacturing,PPI,proxy,2018-02-07,2018-01-31,2016-01-31,2019-09-30,effective,Section 201,producer-side proxy,2018-02-28,2018-01-31,-2,98.82237487733072,-1.1776251226692835,-0.5923000987166804,
PCU335220335220,2018-01-31,101.9,2018_washer_safeguard_robust,2018 Washer Safeguard Robustness,robustness,,Major household appliance manufacturing,PPI,proxy,2018-02-07,2018-01-31,2016-01-31,2019-09-30,effective,Section 201,producer-side proxy,2018-02-28,2018-01-31,-1,100.0,0.0,1.1916583912611856,1.0912698412698596
PCU335220335220,2018-02-28,102.3,2018_washer_safeguard_robust,2018 Washer Safeguard Robustness,robustness,,Major household appliance manufacturing,PPI,proxy,2018-02-07,2018-01-31,2016-01-31,2019-09-30,effective,Section 201,producer-side proxy,2018-02-28,2018-01-31,0,100.39254170755643,0.3925417075564326,0.39254170755642637,1.8924302788844605
PCU335220335220,2018-03-31,102.7,2018_washer_safeguard_robust,2018 Washer Safeguard Robustness,robustness,,Major household appliance manufacturing,PPI,proxy,2018-02-07,2018-01-31,2016-01-31,2019-09-30,effective,Section 201,producer-side proxy,2018-02-28,2018-01-31,1,100.78508341511285,0.785083415112851,0.3910068426197455,2.0874751491053667
PCU335220335220,2018-04-30,103.6,2018_washer_safeguard_robust,2018 Washer Safeguard Robustness,robustness,,Major household appliance manufacturing,PPI,proxy,2018-02-07,2018-01-31,2016-01-31,2019-09-30,effective,Section 201,producer-side proxy,2018-02-28,2018-01-31,2,101.6683022571148,1.668302257114803,0.8763388510223846,2.982107355864816
PCU335220335220,2018-05-31,103.6,2018_washer_safeguard_robust,2018 Washer Safeguard Robustness,robustness,,Major household appliance manufacturing,PPI,proxy,2018-02-07,2018-01-31,2016-01-31,2019-09-30,effective,Section 201,producer-side proxy,2018-02-28,2018-01-31,3,101.6683022571148,1.668302257114803,0.0,2.982107355864816
PCU335220335220,2018-06-30,104.9,2018_washer_safeguard_robust,2018 Washer Safeguard Robustness,robustness,,Major household appliance manufacturing,PPI,proxy,2018-02-07,2018-01-31,2016-01-31,2019-09-30,effective,Section 201,producer-side proxy,2018-02-28,2018-01-31,4,102.9440628066732,2.9440628066732017,1.254826254826269,4.170804369414105
PCU335220335220,2018-07-31,104.8,2018_washer_safeguard_robust,2018 Washer Safeguard Robustness,robustness,,Major household appliance manufacturing,PPI,proxy,2018-02-07,2018-01-31,2016-01-31,2019-09-30,effective,Section 201,producer-side proxy,2018-02-28,2018-01-31,5,102.84592737978409,2.8459273797840865,-0.09532888465205724,4.174950298210733
PCU335220335220,2018-08-31,104.7,2018_washer_safeguard_robust,2018 Washer Safeguard Robustness,robustness,,Major household appliance manufacturing,PPI,proxy,2018-02-07,2018-01-31,2016-01-31,2019-09-30,effective,Section 201,producer-side proxy,2018-02-28,2018-01-31,6,102.74779195289499,2.7477919528949855,-0.0954198473282375,4.386839481555338
PCU335220335220,2018-09-30,105.1,2018_washer_safeguard_robust,2018 Washer Safeguard Robustness,robustness,,Major household appliance manufacturing,PPI,proxy,2018-02-07,2018-01-31,2016-01-31,2019-09-30,effective,Section 201,producer-side proxy,2018-02-28,2018-01-31,7,103.1403336604514,3.140333660451404,0.3820439350525229,4.265873015873023
PCU335220335220,2018-10-31,105.1,2018_washer_safeguard_robust,2018 Washer Safeguard Robustness,robustness,,Major household appliance manufacturing,PPI,proxy,2018-02-07,2018-01-31,2016-01-31,2019-09-30,effective,Section 201,producer-side proxy,2018-02-28,2018-01-31,8,103.1403336604514,3.140333660451404,0.0,4.059405940594063
PCU335220335220,2018-11-30,104.7,2018_washer_safeguard_robust,2018 Washer Safeguard Robustness,robustness,,Major household appliance manufacturing,PPI,proxy,2018-02-07,2018-01-31,2016-01-31,2019-09-30,effective,Section 201,producer-side proxy,2018-02-28,2018-01-31,9,102.74779195289499,2.7477919528949855,-0.38058991436725753,3.3563672260612076
PCU335220335220,2018-12-31,104.2,2018_washer_safeguard_robust,2018 Washer Safeguard Robustness,robustness,,Major household appliance manufacturing,PPI,proxy,2018-02-07,2018-01-31,2016-01-31,2019-09-30,effective,Section 201,producer-side proxy,2018-02-28,2018-01-31,10,102.25711481844945,2.257114818449452,-0.47755491881565915,3.47567030784508
PCU335220335220,2019-01-31,107.2,2018_washer_safeguard_robust,2018 Washer Safeguard Robustness,robustness,,Major household appliance manufacturing,PPI,proxy,2018-02-07,2018-01-31,2016-01-31,2019-09-30,effective,Section 201,producer-side proxy,2018-02-28,2018-01-31,11,105.20117762512267,5.201177625122668,2.8790786948176494,5.201177625122666
PCU335220335220,2019-02-28,107.7,2018_washer_safeguard_robust,2018 Washer Safeguard Robustness,robustness,,Major household appliance manufacturing,PPI,proxy,2018-02-07,2018-01-31,2016-01-31,2019-09-30,effective,Section 201,producer-side proxy,2018-02-28,2018-01-31,12,105.69185475956819,5.691854759568187,0.4664179104477695,5.278592375366564
PCU335220335220,2019-03-31,107.5,2018_washer_safeguard_robust,2018 Washer Safeguard Robustness,robustness,,Major household appliance manufacturing,PPI,proxy,2018-02-07,2018-01-31,2016-01-31,2019-09-30,effective,Section 201,producer-side proxy,2018-02-28,2018-01-31,13,105.49558390578999,5.495583905789985,-0.18570102135562205,4.673807205452762
PCU335220335220,2019-04-30,108.1,2018_washer_safeguard_robust,2018 Washer Safeguard Robustness,robustness,,Major household appliance manufacturing,PPI,proxy,2018-02-07,2018-01-31,2016-01-31,2019-09-30,effective,Section 201,producer-side proxy,2018-02-28,2018-01-31,14,106.08439646712462,6.08439646712462,0.5581395348837059,4.343629343629352
PCU335220335220,2019-05-31,108.3,2018_washer_safeguard_robust,2018 Washer Safeguard Robustness,robustness,,Major household appliance manufacturing,PPI,proxy,2018-02-07,2018-01-31,2016-01-31,2019-09-30,effective,Section 201,producer-side proxy,2018-02-28,2018-01-31,15,106.28066732090285,6.28066732090285,0.18501387604070718,4.536679536679533
PCU335220335220,2019-06-30,108.3,2018_washer_safeguard_robust,2018 Washer Safeguard Robustness,robustness,,Major household appliance manufacturing,PPI,proxy,2018-02-07,2018-01-31,2016-01-31,2019-09-30,effective,Section 201,producer-side proxy,2018-02-28,2018-01-31,16,106.28066732090285,6.28066732090285,0.0,3.24118207816968
PCU335220335220,2019-07-31,107.8,2018_washer_safeguard_robust,2018 Washer Safeguard Robustness,robustness,,Major household appliance manufacturing,PPI,proxy,2018-02-07,2018-01-31,2016-01-31,2019-09-30,effective,Section 201,producer-side proxy,2018-02-28,2018-01-31,17,105.78999018645729,5.789990186457288,-0.4616805170821747,2.8625954198473247
PCU335220335220,2019-08-31,108.2,2018_washer_safeguard_robust,2018 Washer Safeguard Robustness,robustness,,Major household appliance manufacturing,PPI,proxy,2018-02-07,2018-01-31,2016-01-31,2019-09-30,effective,Section 201,producer-side proxy,2018-02-28,2018-01-31,18,106.18253189401375,6.182531894013749,0.37105751391466324,3.3428844317096473
PCU335220335220,2019-09-30,108.8,2018_washer_safeguard_robust,2018 Washer Safeguard Robustness,robustness,,Major household appliance manufacturing,PPI,proxy,2018-02-07,2018-01-31,2016-01-31,2019-09-30,effective,Section 201,producer-side proxy,2018-02-28,2018-01-31,19,106.77134445534837,6.77134445534837,0.5545286506469349,3.520456707897246
EIUIR21320,2024-01-31,60.4,semiconductors_2025,2025 Semiconductors Case,pair_candidate,,Semiconductors import price index,UPSTREAM,control,2025-01-01,2024-12-31,2024-01-31,2026-02-28,effective,2025 tariff cycle,validated import-side semiconductor control,2025-01-31,2024-12-31,-12,103.0716723549488,3.0716723549488023,,
EIUIR21320,2024-02-29,60.1,semiconductors_2025,2025 Semiconductors Case,pair_candidate,,Semiconductors import price index,UPSTREAM,control,2025-01-01,2024-12-31,2024-01-31,2026-02-28,effective,2025 tariff cycle,validated import-side semiconductor control,2025-01-31,2024-12-31,-11,102.55972696245735,2.559726962457347,-0.4966887417218513,
EIUIR21320,2024-03-31,59.8,semiconductors_2025,2025 Semiconductors Case,pair_candidate,,Semiconductors import price index,UPSTREAM,control,2025-01-01,2024-12-31,2024-01-31,2026-02-28,effective,2025 tariff cycle,validated import-side semiconductor control,2025-01-31,2024-12-31,-10,102.04778156996585,2.0477815699658493,-0.499168053244603,
EIUIR21320,2024-04-30,59.9,semiconductors_2025,2025 Semiconductors Case,pair_candidate,,Semiconductors import price index,UPSTREAM,control,2025-01-01,2024-12-31,2024-01-31,2026-02-28,effective,2025 tariff cycle,validated import-side semiconductor control,2025-01-31,2024-12-31,-9,102.2184300341297,2.218430034129696,0.16722408026756952,
EIUIR21320,2024-05-31,59.8,semiconductors_2025,2025 Semiconductors Case,pair_candidate,,Semiconductors import price index,UPSTREAM,control,2025-01-01,2024-12-31,2024-01-31,2026-02-28,effective,2025 tariff cycle,validated import-side semiconductor control,2025-01-31,2024-12-31,-8,102.04778156996585,2.0477815699658493,-0.16694490818029983,
EIUIR21320,2024-06-30,59.5,semiconductors_2025,2025 Semiconductors Case,pair_candidate,,Semiconductors import price index,UPSTREAM,control,2025-01-01,2024-12-31,2024-01-31,2026-02-28,effective,2025 tariff cycle,validated import-side semiconductor control,2025-01-31,2024-12-31,-7,101.5358361774744,1.535836177474394,-0.5016722408026753,
EIUIR21320,2024-07-31,59.7,semiconductors_2025,2025 Semiconductors Case,pair_candidate,,Semiconductors import price index,UPSTREAM,control,2025-01-01,2024-12-31,2024-01-31,2026-02-28,effective,2025 tariff cycle,validated import-side semiconductor control,2025-01-31,2024-12-31,-6,101.87713310580205,1.877133105802045,0.3361344537815114,
EIUIR21320,2024-08-31,60.1,semiconductors_2025,2025 Semiconductors Case,pair_candidate,,Semiconductors import price index,UPSTREAM,control,2025-01-01,2024-12-31,2024-01-31,2026-02-28,effective,2025 tariff cycle,validated import-side semiconductor control,2025-01-31,2024-12-31,-5,102.55972696245735,2.559726962457347,0.670016750418756,
EIUIR21320,2024-09-30,60.1,semiconductors_2025,2025 Semiconductors Case,pair_candidate,,Semiconductors import price index,UPSTREAM,control,2025-01-01,2024-12-31,2024-01-31,2026-02-28,effective,2025 tariff cycle,validated import-side semiconductor control,2025-01-31,2024-12-31,-4,102.55972696245735,2.559726962457347,0.0,
EIUIR21320,2024-10-31,59.9,semiconductors_2025,2025 Semiconductors Case,pair_candidate,,Semiconductors import price index,UPSTREAM,control,2025-01-01,2024-12-31,2024-01-31,2026-02-28,effective,2025 tariff cycle,validated import-side semiconductor control,2025-01-31,2024-12-31,-3,102.2184300341297,2.218430034129696,-0.33277870216306127,
EIUIR21320,2024-11-30,58.9,semiconductors_2025,2025 Semiconductors Case,pair_candidate,,Semiconductors import price index,UPSTREAM,control,2025-01-01,2024-12-31,2024-01-31,2026-02-28,effective,2025 tariff cycle,validated import-side semiconductor control,2025-01-31,2024-12-31,-2,100.51194539249147,0.5119453924914694,-1.6694490818030094,
EIUIR21320,2024-12-31,58.6,semiconductors_2025,2025 Semiconductors Case,pair_candidate,,Semiconductors import price index,UPSTREAM,control,2025-01-01,2024-12-31,2024-01-31,2026-02-28,effective,2025 tariff cycle,validated import-side semiconductor control,2025-01-31,2024-12-31,-1,100.0,0.0,-0.5093378607809784,
EIUIR21320,2025-01-31,58.4,semiconductors_2025,2025 Semiconductors Case,pair_candidate,,Semiconductors import price index,UPSTREAM,control,2025-01-01,2024-12-31,2024-01-31,2026-02-28,effective,2025 tariff cycle,validated import-side semiconductor control,2025-01-31,2024-12-31,0,99.65870307167235,-0.341296928327651,-0.34129692832765013,-3.31125827814569
EIUIR21320,2025-02-28,58.4,semiconductors_2025,2025 Semiconductors Case,pair_candidate,,Semiconductors import price index,UPSTREAM,control,2025-01-01,2024-12-31,2024-01-31,2026-02-28,effective,2025 tariff cycle,validated import-side semiconductor control,2025-01-31,2024-12-31,1,99.65870307167235,-0.341296928327651,0.0,-2.828618968386032
EIUIR21320,2025-03-31,58.4,semiconductors_2025,2025 Semiconductors Case,pair_candidate,,Semiconductors import price index,UPSTREAM,control,2025-01-01,2024-12-31,2024-01-31,2026-02-28,effective,2025 tariff cycle,validated import-side semiconductor control,2025-01-31,2024-12-31,2,99.65870307167235,-0.341296928327651,0.0,-2.341137123745818
EIUIR21320,2025-04-30,62.2,semiconductors_2025,2025 Semiconductors Case,pair_candidate,,Semiconductors import price index,UPSTREAM,control,2025-01-01,2024-12-31,2024-01-31,2026-02-28,effective,2025 tariff cycle,validated import-side semiconductor control,2025-01-31,2024-12-31,3,106.14334470989762,6.143344709897619,6.506849315068508,3.8397328881469184
EIUIR21320,2025-05-31,62.2,semiconductors_2025,2025 Semiconductors Case,pair_candidate,,Semiconductors import price index,UPSTREAM,control,2025-01-01,2024-12-31,2024-01-31,2026-02-28,effective,2025 tariff cycle,validated import-side semiconductor control,2025-01-31,2024-12-31,4,106.14334470989762,6.143344709897619,0.0,4.013377926421424
EIUIR21320,2025-06-30,62.3,semiconductors_2025,2025 Semiconductors Case,pair_candidate,,Semiconductors import price index,UPSTREAM,control,2025-01-01,2024-12-31,2024-01-31,2026-02-28,effective,2025 tariff cycle,validated import-side semiconductor control,2025-01-31,2024-12-31,5,106.31399317406142,6.313993174061423,0.1607717041800516,4.705882352941182
EIUIR21320,2025-07-31,62.2,semiconductors_2025,2025 Semiconductors Case,pair_candidate,,Semiconductors import price index,UPSTREAM,control,2025-01-01,2024-12-31,2024-01-31,2026-02-28,effective,2025 tariff cycle,validated import-side semiconductor control,2025-01-31,2024-12-31,6,106.14334470989762,6.143344709897619,-0.16051364365969878,4.187604690117253
EIUIR21320,2025-08-31,62.1,semiconductors_2025,2025 Semiconductors Case,pair_candidate,,Semiconductors import price index,UPSTREAM,control,2025-01-01,2024-12-31,2024-01-31,2026-02-28,effective,2025 tariff cycle,validated import-side semiconductor control,2025-01-31,2024-12-31,7,105.97269624573377,5.972696245733772,-0.1607717041800627,3.3277870216306127
EIUIR21320,2025-09-30,61.3,semiconductors_2025,2025 Semiconductors Case,pair_candidate,,Semiconductors import price index,UPSTREAM,control,2025-01-01,2024-12-31,2024-01-31,2026-02-28,effective,2025 tariff cycle,validated import-side semiconductor control,2025-01-31,2024-12-31,8,104.6075085324232,4.607508532423196,-1.2882447665056418,1.9966722129783676
EIUIR21320,2025-11-30,61.6,semiconductors_2025,2025 Semiconductors Case,pair_candidate,,Semiconductors import price index,UPSTREAM,control,2025-01-01,2024-12-31,2024-01-31,2026-02-28,effective,2025 tariff cycle,validated import-side semiconductor control,2025-01-31,2024-12-31,10,105.11945392491468,5.11945392491468,0.4893964110930016,2.8380634390651194
EIUIR21320,2025-12-31,61.6,semiconductors_2025,2025 Semiconductors Case,pair_candidate,,Semiconductors import price index,UPSTREAM,control,2025-01-01,2024-12-31,2024-01-31,2026-02-28,effective,2025 tariff cycle,validated import-side semiconductor control,2025-01-31,2024-12-31,11,105.11945392491468,5.11945392491468,0.0,4.584040747028872
EIUIR21320,2026-01-31,62.3,semiconductors_2025,2025 Semiconductors Case,pair_candidate,,Semiconductors import price index,UPSTREAM,control,2025-01-01,2024-12-31,2024-01-31,2026-02-28,effective,2025 tariff cycle,validated import-side semiconductor control,2025-01-31,2024-12-31,12,106.31399317406142,6.313993174061423,1.1363636363636243,6.3139931740614275
EIUIR21320,2026-02-28,63.1,semiconductors_2025,2025 Semiconductors Case,pair_candidate,,Semiconductors import price index,UPSTREAM,control,2025-01-01,2024-12-31,2024-01-31,2026-02-28,effective,2025 tariff cycle,validated import-side semiconductor control,2025-01-31,2024-12-31,13,107.67918088737201,7.679180887372013,1.2841091492777013,8.047945205479468
PCU334413334413,2024-01-31,31.706,semiconductors_2025,2025 Semiconductors Case,pair_candidate,,Semiconductor and related device manufacturing,UPSTREAM,treatment,2025-01-01,2024-12-31,2024-01-31,2026-02-28,effective,2025 tariff cycle,validated producer-side semiconductor treatment,2025-01-31,2024-12-31,-12,103.74660515035504,3.7466051503550375,,
PCU334413334413,2024-02-29,31.668,semiconductors_2025,2025 Semiconductors Case,pair_candidate,,Semiconductor and related device manufacturing,UPSTREAM,treatment,2025-01-01,2024-12-31,2024-01-31,2026-02-28,effective,2025 tariff cycle,validated producer-side semiconductor treatment,2025-01-31,2024-12-31,-11,103.62226366938255,3.622263669382548,-0.11985113227780397,
PCU334413334413,2024-03-31,31.629,semiconductors_2025,2025 Semiconductors Case,pair_candidate,,Semiconductor and related device manufacturing,UPSTREAM,treatment,2025-01-01,2024-12-31,2024-01-31,2026-02-28,effective,2025 tariff cycle,validated producer-side semiconductor treatment,2025-01-31,2024-12-31,-10,103.49465004417395,3.4946500441739516,-0.12315270935959743,
PCU334413334413,2024-04-30,31.803,semiconductors_2025,2025 Semiconductors Case,pair_candidate,,Semiconductor and related device manufacturing,UPSTREAM,treatment,2025-01-01,2024-12-31,2024-01-31,2026-02-28,effective,2025 tariff cycle,validated producer-side semiconductor treatment,2025-01-31,2024-12-31,-9,104.06400314125848,4.064003141258482,0.5501280470454395,
PCU334413334413,2024-05-31,31.743,semiconductors_2025,2025 Semiconductors Case,pair_candidate,,Semiconductor and related device manufacturing,UPSTREAM,treatment,2025-01-01,2024-12-31,2024-01-31,2026-02-28,effective,2025 tariff cycle,validated producer-side semiconductor treatment,2025-01-31,2024-12-31,-8,103.86767448709138,3.867674487091378,-0.18866144703330034,
PCU334413334413,2024-06-30,31.518,semiconductors_2025,2025 Semiconductors Case,pair_candidate,,Semiconductor and related device manufacturing,UPSTREAM,treatment,2025-01-01,2024-12-31,2024-01-31,2026-02-28,effective,2025 tariff cycle,validated producer-side semiconductor treatment,2025-01-31,2024-12-31,-7,103.13144203396484,3.131442033964845,-0.7088176920895917,
PCU334413334413,2024-07-31,30.602,semiconductors_2025,2025 Semiconductors Case,pair_candidate,,Semiconductor and related device manufacturing,UPSTREAM,treatment,2025-01-01,2024-12-31,2024-01-31,2026-02-28,effective,2025 tariff cycle,validated producer-side semiconductor treatment,2025-01-31,2024-12-31,-6,100.13415791368084,0.13415791368083774,-2.9062757789199867,
PCU334413334413,2024-08-31,30.456,semiconductors_2025,2025 Semiconductors Case,pair_candidate,,Semiconductor and related device manufacturing,UPSTREAM,treatment,2025-01-01,2024-12-31,2024-01-31,2026-02-28,effective,2025 tariff cycle,validated producer-side semiconductor treatment,2025-01-31,2024-12-31,-5,99.65642485520762,-0.34357514479238205,-0.4770930004574847,
PCU334413334413,2024-09-30,30.487,semiconductors_2025,2025 Semiconductors Case,pair_candidate,,Semiconductor and related device manufacturing,UPSTREAM,treatment,2025-01-01,2024-12-31,2024-01-31,2026-02-28,effective,2025 tariff cycle,validated producer-side semiconductor treatment,2025-01-31,2024-12-31,-4,99.75786132652726,-0.24213867347273776,0.10178618334646394,
PCU334413334413,2024-10-31,30.724,semiconductors_2025,2025 Semiconductors Case,pair_candidate,,Semiconductor and related device manufacturing,UPSTREAM,treatment,2025-01-01,2024-12-31,2024-01-31,2026-02-28,effective,2025 tariff cycle,validated producer-side semiconductor treatment,2025-01-31,2024-12-31,-3,100.53335951048723,0.5333595104872302,0.7773805228458164,
PCU334413334413,2024-11-30,30.729,semiconductors_2025,2025 Semiconductors Case,pair_candidate,,Semiconductor and related device manufacturing,UPSTREAM,treatment,2025-01-01,2024-12-31,2024-01-31,2026-02-28,effective,2025 tariff cycle,validated producer-side semiconductor treatment,2025-01-31,2024-12-31,-2,100.54972023166782,0.5497202316678198,0.016273922666321106,
PCU334413334413,2024-12-31,30.561,semiconductors_2025,2025 Semiconductors Case,pair_candidate,,Semiconductor and related device manufacturing,UPSTREAM,treatment,2025-01-01,2024-12-31,2024-01-31,2026-02-28,effective,2025 tariff cycle,validated producer-side semiconductor treatment,2025-01-31,2024-12-31,-1,100.0,0.0,-0.5467148296397495,
PCU334413334413,2025-01-31,30.118,semiconductors_2025,2025 Semiconductors Case,pair_candidate,,Semiconductor and related device manufacturing,UPSTREAM,treatment,2025-01-01,2024-12-31,2024-01-31,2026-02-28,effective,2025 tariff cycle,validated producer-side semiconductor treatment,2025-01-31,2024-12-31,0,98.55044010339975,-1.449559896600249,-1.4495598966002499,-5.008515738346054
PCU334413334413,2025-02-28,30.132,semiconductors_2025,2025 Semiconductors Case,pair_candidate,,Semiconductor and related device manufacturing,UPSTREAM,treatment,2025-01-01,2024-12-31,2024-01-31,2026-02-28,effective,2025 tariff cycle,validated producer-side semiconductor treatment,2025-01-31,2024-12-31,1,98.59625012270541,-1.4037498772945867,0.04648383026761849,-4.850322091701398
PCU334413334413,2025-03-31,30.322,semiconductors_2025,2025 Semiconductors Case,pair_candidate,,Semiconductor and related device manufacturing,UPSTREAM,treatment,2025-01-01,2024-12-31,2024-01-31,2026-02-28,effective,2025 tariff cycle,validated producer-side semiconductor treatment,2025-01-31,2024-12-31,2,99.21795752756782,-0.7820424724321811,0.6305588742864687,-4.132283663726333
PCU334413334413,2025-04-30,30.235,semiconductors_2025,2025 Semiconductors Case,pair_candidate,,Semiconductor and related device manufacturing,UPSTREAM,treatment,2025-01-01,2024-12-31,2024-01-31,2026-02-28,effective,2025 tariff cycle,validated producer-side semiconductor treatment,2025-01-31,2024-12-31,3,98.93328097902555,-1.0667190209744462,-0.2869203878372084,-4.930352482470212
PCU334413334413,2025-05-31,29.982,semiconductors_2025,2025 Semiconductors Case,pair_candidate,,Semiconductor and related device manufacturing,UPSTREAM,treatment,2025-01-01,2024-12-31,2024-01-31,2026-02-28,effective,2025 tariff cycle,validated producer-side semiconductor treatment,2025-01-31,2024-12-31,4,98.10542848728771,-1.8945715127122895,-0.8367785678848993,-5.547679803421223
PCU334413334413,2025-06-30,29.882,semiconductors_2025,2025 Semiconductors Case,pair_candidate,,Semiconductor and related device manufacturing,UPSTREAM,treatment,2025-01-01,2024-12-31,2024-01-31,2026-02-28,effective,2025 tariff cycle,validated producer-side semiconductor treatment,2025-01-31,2024-12-31,5,97.77821406367593,-2.2217859363240677,-0.3335334534053658,-5.190684688114722
PCU334413334413,2025-07-31,29.798,semiconductors_2025,2025 Semiconductors Case,pair_candidate,,Semiconductor and related device manufacturing,UPSTREAM,treatment,2025-01-01,2024-12-31,2024-01-31,2026-02-28,effective,2025 tariff cycle,validated producer-side semiconductor treatment,2025-01-31,2024-12-31,6,97.50335394784202,-2.4966460521579847,-0.28110568235059086,-2.6272792627932917
PCU334413334413,2025-08-31,29.392,semiconductors_2025,2025 Semiconductors Case,pair_candidate,,Semiconductor and related device manufacturing,UPSTREAM,treatment,2025-01-01,2024-12-31,2024-01-31,2026-02-28,effective,2025 tariff cycle,validated producer-side semiconductor treatment,2025-01-31,2024-12-31,7,96.17486338797814,-3.825136612021865,-1.362507550842329,-3.4935644864722892
PCU334413334413,2025-09-30,29.45,semiconductors_2025,2025 Semiconductors Case,pair_candidate,,Semiconductor and related device manufacturing,UPSTREAM,treatment,2025-01-01,2024-12-31,2024-01-31,2026-02-28,effective,2025 tariff cycle,validated producer-side semiconductor treatment,2025-01-31,2024-12-31,8,96.36464775367298,-3.6353522463270167,0.19733260751224613,-3.4014497982746694
PCU334413334413,2025-10-31,29.64,semiconductors_2025,2025 Semiconductors Case,pair_candidate,,Semiconductor and related device manufacturing,UPSTREAM,treatment,2025-01-01,2024-12-31,2024-01-31,2026-02-28,effective,2025 tariff cycle,validated producer-side semiconductor treatment,2025-01-31,2024-12-31,9,96.98635515853539,-3.013644841464611,0.6451612903225934,-3.528186434058067
PCU334413334413,2025-11-30,29.646,semiconductors_2025,2025 Semiconductors Case,pair_candidate,,Semiconductor and related device manufacturing,UPSTREAM,treatment,2025-01-01,2024-12-31,2024-01-31,2026-02-28,effective,2025 tariff cycle,validated producer-side semiconductor treatment,2025-01-31,2024-12-31,10,97.0059880239521,-2.9940119760479007,0.02024291497975117,-3.5243580982134093
PCU334413334413,2025-12-31,29.661,semiconductors_2025,2025 Semiconductors Case,pair_candidate,,Semiconductor and related device manufacturing,UPSTREAM,treatment,2025-01-01,2024-12-31,2024-01-31,2026-02-28,effective,2025 tariff cycle,validated producer-side semiconductor treatment,2025-01-31,2024-12-31,11,97.05507018749387,-2.944929812506132,0.05059704513257213,-2.944929812506125
PCU334413334413,2026-01-31,29.56,semiconductors_2025,2025 Semiconductors Case,pair_candidate,,Semiconductor and related device manufacturing,UPSTREAM,treatment,2025-01-01,2024-12-31,2024-01-31,2026-02-28,effective,2025 tariff cycle,validated producer-side semiconductor treatment,2025-01-31,2024-12-31,12,96.72458361964595,-3.275416380354045,-0.34051448029399634,-1.8527126635234703
PCU334413334413,2026-02-28,30.228,semiconductors_2025,2025 Semiconductors Case,pair_candidate,,Semiconductor and related device manufacturing,UPSTREAM,treatment,2025-01-01,2024-12-31,2024-01-31,2026-02-28,effective,2025 tariff cycle,validated producer-side semiconductor treatment,2025-01-31,2024-12-31,13,98.91037596937274,-1.089624030627263,2.2598105548037983,0.3185981680605243
