year,pair_id_x,pair_label,reporter_id,reporter_iso3,reporter_name,reporter_type,partner_id,partner_iso3,partner_name,partner_type,enabled_flag,notes,pair_id_y,reporter_name_wto,partner_name_wto,trade_value_usd,classification,classification_version,product_code,mtn_categories
2024,ARG__AUS,Argentina imports from Australia,ARG,ARG,Argentina,country,AUS,AUS,Australia,country,yes,auto-generated from active customs territories,ARG__AUS,Argentina,Australia,394202909.27,MTN,MT4,TOTAL,All products
2024,ARG__BRA,Argentina imports from Brazil,ARG,ARG,Argentina,country,BRA,BRA,Brazil,country,yes,auto-generated from active customs territories,ARG__BRA,Argentina,Brazil,14334587568.74,MTN,MT4,TOTAL,All products
2024,ARG__CAN,Argentina imports from Canada,ARG,ARG,Argentina,country,CAN,CAN,Canada,country,yes,auto-generated from active customs territories,ARG__CAN,Argentina,Canada,384340566.1,MTN,MT4,TOTAL,All products
2024,ARG__CHN,Argentina imports from China,ARG,ARG,Argentina,country,CHN,CHN,China,country,yes,auto-generated from active customs territories,ARG__CHN,Argentina,China,11658191303.99,MTN,MT4,TOTAL,All products
2024,ARG__EU,Argentina imports from European Union,ARG,ARG,Argentina,country,EU,EUU,European Union,customs_union,yes,auto-generated from active customs territories,ARG__EU,Argentina,European Union,8972671120.35999,MTN,MT4,TOTAL,All products
2024,ARG__GBR,Argentina imports from United Kingdom,ARG,ARG,Argentina,country,GBR,GBR,United Kingdom,country,yes,auto-generated from active customs territories,ARG__GBR,Argentina,United Kingdom,495851976.859999,MTN,MT4,TOTAL,All products
2024,ARG__IDN,Argentina imports from Indonesia,ARG,ARG,Argentina,country,IDN,IDN,Indonesia,country,yes,auto-generated from active customs territories,ARG__IDN,Argentina,Indonesia,314985403.56,MTN,MT4,TOTAL,All products
2024,ARG__IND,Argentina imports from India,ARG,ARG,Argentina,country,IND,IND,India,country,yes,auto-generated from active customs territories,ARG__IND,Argentina,India,1294969441.17,MTN,MT4,TOTAL,All products
2024,ARG__JPN,Argentina imports from Japan,ARG,ARG,Argentina,country,JPN,JPN,Japan,country,yes,auto-generated from active customs territories,ARG__JPN,Argentina,Japan,1245425773.95,MTN,MT4,TOTAL,All products
2024,ARG__KOR,Argentina imports from South Korea,ARG,ARG,Argentina,country,KOR,KOR,South Korea,country,yes,auto-generated from active customs territories,ARG__KOR,Argentina,"Korea, Republic of",511028965.02,MTN,MT4,TOTAL,All products
2024,ARG__MEX,Argentina imports from Mexico,ARG,ARG,Argentina,country,MEX,MEX,Mexico,country,yes,auto-generated from active customs territories,ARG__MEX,Argentina,Mexico,1424146379.82,MTN,MT4,TOTAL,All products
2024,ARG__RUS,Argentina imports from Russia,ARG,ARG,Argentina,country,RUS,RUS,Russia,country,yes,auto-generated from active customs territories,ARG__RUS,Argentina,Russian Federation,122724722.41,MTN,MT4,TOTAL,All products
2024,ARG__SAU,Argentina imports from Saudi Arabia,ARG,ARG,Argentina,country,SAU,SAU,Saudi Arabia,country,yes,auto-generated from active customs territories,ARG__SAU,Argentina,"Saudi Arabia, Kingdom of",93978624.44,MTN,MT4,TOTAL,All products
2024,ARG__TUR,Argentina imports from Turkey,ARG,ARG,Argentina,country,TUR,TUR,Turkey,country,yes,auto-generated from active customs territories,ARG__TUR,Argentina,Türkiye,229885173.31,MTN,MT4,TOTAL,All products
2024,ARG__USA,Argentina imports from United States,ARG,ARG,Argentina,country,USA,USA,United States,country,yes,auto-generated from active customs territories,ARG__USA,Argentina,United States of America,6224873054.14,MTN,MT4,TOTAL,All products
2024,ARG__ZAF,Argentina imports from South Africa,ARG,ARG,Argentina,country,ZAF,ZAF,South Africa,country,yes,auto-generated from active customs territories,ARG__ZAF,Argentina,South Africa,151580013.45,MTN,MT4,TOTAL,All products
2024,AUS__ARG,Australia imports from Argentina,AUS,AUS,Australia,country,ARG,ARG,Argentina,country,yes,auto-generated from active customs territories,AUS__ARG,Australia,Argentina,528020316.454376,MTN,MT4,TOTAL,All products
2024,AUS__BRA,Australia imports from Brazil,AUS,AUS,Australia,country,BRA,BRA,Brazil,country,yes,auto-generated from active customs territories,AUS__BRA,Australia,Brazil,962071780.296404,MTN,MT4,TOTAL,All products
2024,AUS__CAN,Australia imports from Canada,AUS,AUS,Australia,country,CAN,CAN,Canada,country,yes,auto-generated from active customs territories,AUS__CAN,Australia,Canada,2497122730.74814,MTN,MT4,TOTAL,All products
2024,AUS__CHN,Australia imports from China,AUS,AUS,Australia,country,CHN,CHN,China,country,yes,auto-generated from active customs territories,AUS__CHN,Australia,China,72726801012.1295,MTN,MT4,TOTAL,All products
2024,AUS__EU,Australia imports from European Union,AUS,AUS,Australia,country,EU,EUU,European Union,customs_union,yes,auto-generated from active customs territories,AUS__EU,Australia,European Union,41705567162.2427,MTN,MT4,TOTAL,All products
2024,AUS__GBR,Australia imports from United Kingdom,AUS,AUS,Australia,country,GBR,GBR,United Kingdom,country,yes,auto-generated from active customs territories,AUS__GBR,Australia,United Kingdom,5088711170.02046,MTN,MT4,TOTAL,All products
2024,AUS__IDN,Australia imports from Indonesia,AUS,AUS,Australia,country,IDN,IDN,Indonesia,country,yes,auto-generated from active customs territories,AUS__IDN,Australia,Indonesia,5541588404.84475,MTN,MT4,TOTAL,All products
2024,AUS__IND,Australia imports from India,AUS,AUS,Australia,country,IND,IND,India,country,yes,auto-generated from active customs territories,AUS__IND,Australia,India,7244799618.56524,MTN,MT4,TOTAL,All products
2024,AUS__JPN,Australia imports from Japan,AUS,AUS,Australia,country,JPN,JPN,Japan,country,yes,auto-generated from active customs territories,AUS__JPN,Australia,Japan,16672627500.0764,MTN,MT4,TOTAL,All products
2024,AUS__KOR,Australia imports from South Korea,AUS,AUS,Australia,country,KOR,KOR,South Korea,country,yes,auto-generated from active customs territories,AUS__KOR,Australia,"Korea, Republic of",16055877580.849,MTN,MT4,TOTAL,All products
2024,AUS__MEX,Australia imports from Mexico,AUS,AUS,Australia,country,MEX,MEX,Mexico,country,yes,auto-generated from active customs territories,AUS__MEX,Australia,Mexico,3214102801.34277,MTN,MT4,TOTAL,All products
2024,AUS__RUS,Australia imports from Russia,AUS,AUS,Australia,country,RUS,RUS,Russia,country,yes,auto-generated from active customs territories,AUS__RUS,Australia,Russian Federation,2182003.866988,MTN,MT4,TOTAL,All products
2024,AUS__SAU,Australia imports from Saudi Arabia,AUS,AUS,Australia,country,SAU,SAU,Saudi Arabia,country,yes,auto-generated from active customs territories,AUS__SAU,Australia,"Saudi Arabia, Kingdom of",604404094.746337,MTN,MT4,TOTAL,All products
2024,AUS__TUR,Australia imports from Turkey,AUS,AUS,Australia,country,TUR,TUR,Turkey,country,yes,auto-generated from active customs territories,AUS__TUR,Australia,Türkiye,1257504503.7316,MTN,MT4,TOTAL,All products
2024,AUS__USA,Australia imports from United States,AUS,AUS,Australia,country,USA,USA,United States,country,yes,auto-generated from active customs territories,AUS__USA,Australia,United States of America,33389629819.5943,MTN,MT4,TOTAL,All products
2024,AUS__ZAF,Australia imports from South Africa,AUS,AUS,Australia,country,ZAF,ZAF,South Africa,country,yes,auto-generated from active customs territories,AUS__ZAF,Australia,South Africa,1404038359.07156,MTN,MT4,TOTAL,All products
2024,BRA__ARG,Brazil imports from Argentina,BRA,BRA,Brazil,country,ARG,ARG,Argentina,country,yes,auto-generated from active customs territories,BRA__ARG,Brazil,Argentina,13577045088,MTN,MT4,TOTAL,All products
2024,BRA__AUS,Brazil imports from Australia,BRA,BRA,Brazil,country,AUS,AUS,Australia,country,yes,auto-generated from active customs territories,BRA__AUS,Brazil,Australia,1400343554,MTN,MT4,TOTAL,All products
2024,BRA__CAN,Brazil imports from Canada,BRA,BRA,Brazil,country,CAN,CAN,Canada,country,yes,auto-generated from active customs territories,BRA__CAN,Brazil,Canada,2783733918,MTN,MT4,TOTAL,All products
2024,BRA__CHN,Brazil imports from China,BRA,BRA,Brazil,country,CHN,CHN,China,country,yes,auto-generated from active customs territories,BRA__CHN,Brazil,China,63636345571,MTN,MT4,TOTAL,All products
2024,BRA__EU,Brazil imports from European Union,BRA,BRA,Brazil,country,EU,EUU,European Union,customs_union,yes,auto-generated from active customs territories,BRA__EU,Brazil,European Union,47171417878,MTN,MT4,TOTAL,All products
2024,BRA__GBR,Brazil imports from United Kingdom,BRA,BRA,Brazil,country,GBR,GBR,United Kingdom,country,yes,auto-generated from active customs territories,BRA__GBR,Brazil,United Kingdom,3145762092,MTN,MT4,TOTAL,All products
2024,BRA__IDN,Brazil imports from Indonesia,BRA,BRA,Brazil,country,IDN,IDN,Indonesia,country,yes,auto-generated from active customs territories,BRA__IDN,Brazil,Indonesia,1872041995,MTN,MT4,TOTAL,All products
2024,BRA__IND,Brazil imports from India,BRA,BRA,Brazil,country,IND,IND,India,country,yes,auto-generated from active customs territories,BRA__IND,Brazil,India,6849930671,MTN,MT4,TOTAL,All products
2024,BRA__JPN,Brazil imports from Japan,BRA,BRA,Brazil,country,JPN,JPN,Japan,country,yes,auto-generated from active customs territories,BRA__JPN,Brazil,Japan,5431009472,MTN,MT4,TOTAL,All products
2024,BRA__KOR,Brazil imports from South Korea,BRA,BRA,Brazil,country,KOR,KOR,South Korea,country,yes,auto-generated from active customs territories,BRA__KOR,Brazil,"Korea, Republic of",5157207904,MTN,MT4,TOTAL,All products
2024,BRA__MEX,Brazil imports from Mexico,BRA,BRA,Brazil,country,MEX,MEX,Mexico,country,yes,auto-generated from active customs territories,BRA__MEX,Brazil,Mexico,5767276053,MTN,MT4,TOTAL,All products
2024,BRA__RUS,Brazil imports from Russia,BRA,BRA,Brazil,country,RUS,RUS,Russia,country,yes,auto-generated from active customs territories,BRA__RUS,Brazil,Russian Federation,10965470014,MTN,MT4,TOTAL,All products
2024,BRA__SAU,Brazil imports from Saudi Arabia,BRA,BRA,Brazil,country,SAU,SAU,Saudi Arabia,country,yes,auto-generated from active customs territories,BRA__SAU,Brazil,"Saudi Arabia, Kingdom of",3052866673,MTN,MT4,TOTAL,All products
2024,BRA__TUR,Brazil imports from Turkey,BRA,BRA,Brazil,country,TUR,TUR,Turkey,country,yes,auto-generated from active customs territories,BRA__TUR,Brazil,Türkiye,1290728610,MTN,MT4,TOTAL,All products
2024,BRA__USA,Brazil imports from United States,BRA,BRA,Brazil,country,USA,USA,United States,country,yes,auto-generated from active customs territories,BRA__USA,Brazil,United States of America,40652417455,MTN,MT4,TOTAL,All products
2024,BRA__ZAF,Brazil imports from South Africa,BRA,BRA,Brazil,country,ZAF,ZAF,South Africa,country,yes,auto-generated from active customs territories,BRA__ZAF,Brazil,South Africa,657350239,MTN,MT4,TOTAL,All products
2024,CAN__ARG,Canada imports from Argentina,CAN,CAN,Canada,country,ARG,ARG,Argentina,country,yes,auto-generated from active customs territories,CAN__ARG,Canada,Argentina,1546772811.38634,MTN,MT4,TOTAL,All products
2024,CAN__AUS,Canada imports from Australia,CAN,CAN,Canada,country,AUS,AUS,Australia,country,yes,auto-generated from active customs territories,CAN__AUS,Canada,Australia,2156944690.95052,MTN,MT4,TOTAL,All products
2024,CAN__BRA,Canada imports from Brazil,CAN,CAN,Canada,country,BRA,BRA,Brazil,country,yes,auto-generated from active customs territories,CAN__BRA,Canada,Brazil,7432054239.93692,MTN,MT4,TOTAL,All products
2024,CAN__CHN,Canada imports from China,CAN,CAN,Canada,country,CHN,CHN,China,country,yes,auto-generated from active customs territories,CAN__CHN,Canada,China,62206545986.4462,MTN,MT4,TOTAL,All products
2024,CAN__EU,Canada imports from European Union,CAN,CAN,Canada,country,EU,EUU,European Union,customs_union,yes,auto-generated from active customs territories,CAN__EU,Canada,European Union,59156378056.9026,MTN,MT4,TOTAL,All products
2024,CAN__GBR,Canada imports from United Kingdom,CAN,CAN,Canada,country,GBR,GBR,United Kingdom,country,yes,auto-generated from active customs territories,CAN__GBR,Canada,United Kingdom,5610435732.02079,MTN,MT4,TOTAL,All products
2024,CAN__IDN,Canada imports from Indonesia,CAN,CAN,Canada,country,IDN,IDN,Indonesia,country,yes,auto-generated from active customs territories,CAN__IDN,Canada,Indonesia,2273217437.34299,MTN,MT4,TOTAL,All products
2024,CAN__IND,Canada imports from India,CAN,CAN,Canada,country,IND,IND,India,country,yes,auto-generated from active customs territories,CAN__IND,Canada,India,5596428849.97372,MTN,MT4,TOTAL,All products
2024,CAN__JPN,Canada imports from Japan,CAN,CAN,Canada,country,JPN,JPN,Japan,country,yes,auto-generated from active customs territories,CAN__JPN,Canada,Japan,13375319820.208,MTN,MT4,TOTAL,All products
2024,CAN__KOR,Canada imports from South Korea,CAN,CAN,Canada,country,KOR,KOR,South Korea,country,yes,auto-generated from active customs territories,CAN__KOR,Canada,"Korea, Republic of",11954836947.187,MTN,MT4,TOTAL,All products
2024,CAN__MEX,Canada imports from Mexico,CAN,CAN,Canada,country,MEX,MEX,Mexico,country,yes,auto-generated from active customs territories,CAN__MEX,Canada,Mexico,30042140613.8634,MTN,MT4,TOTAL,All products
2024,CAN__RUS,Canada imports from Russia,CAN,CAN,Canada,country,RUS,RUS,Russia,country,yes,auto-generated from active customs territories,CAN__RUS,Canada,Russian Federation,60892086.0840106,MTN,MT4,TOTAL,All products
2024,CAN__SAU,Canada imports from Saudi Arabia,CAN,CAN,Canada,country,SAU,SAU,Saudi Arabia,country,yes,auto-generated from active customs territories,CAN__SAU,Canada,"Saudi Arabia, Kingdom of",1511556292.72069,MTN,MT4,TOTAL,All products
2024,CAN__TUR,Canada imports from Turkey,CAN,CAN,Canada,country,TUR,TUR,Turkey,country,yes,auto-generated from active customs territories,CAN__TUR,Canada,Türkiye,2213779853.36216,MTN,MT4,TOTAL,All products
2024,CAN__USA,Canada imports from United States,CAN,CAN,Canada,country,USA,USA,United States,country,yes,auto-generated from active customs territories,CAN__USA,Canada,United States of America,238511457485.978,MTN,MT4,TOTAL,All products
2024,CAN__ZAF,Canada imports from South Africa,CAN,CAN,Canada,country,ZAF,ZAF,South Africa,country,yes,auto-generated from active customs territories,CAN__ZAF,Canada,South Africa,1698701405.7662,MTN,MT4,TOTAL,All products
2024,CHN__ARG,China imports from Argentina,CHN,CHN,China,country,ARG,ARG,Argentina,country,yes,auto-generated from active customs territories,CHN__ARG,China,Argentina,7067693920,MTN,MT4,TOTAL,All products
2024,CHN__AUS,China imports from Australia,CHN,CHN,China,country,AUS,AUS,Australia,country,yes,auto-generated from active customs territories,CHN__AUS,China,Australia,140831482252,MTN,MT4,TOTAL,All products
2024,CHN__BRA,China imports from Brazil,CHN,CHN,China,country,BRA,BRA,Brazil,country,yes,auto-generated from active customs territories,CHN__BRA,China,Brazil,116180565148,MTN,MT4,TOTAL,All products
2024,CHN__CAN,China imports from Canada,CHN,CHN,China,country,CAN,CAN,Canada,country,yes,auto-generated from active customs territories,CHN__CAN,China,Canada,46575863380,MTN,MT4,TOTAL,All products
2024,CHN__EU,China imports from European Union,CHN,CHN,China,country,EU,EUU,European Union,customs_union,yes,auto-generated from active customs territories,CHN__EU,China,European Union,270220286163,MTN,MT4,TOTAL,All products
2024,CHN__GBR,China imports from United Kingdom,CHN,CHN,China,country,GBR,GBR,United Kingdom,country,yes,auto-generated from active customs territories,CHN__GBR,China,United Kingdom,19756153887,MTN,MT4,TOTAL,All products
2024,CHN__IDN,China imports from Indonesia,CHN,CHN,China,country,IDN,IDN,Indonesia,country,yes,auto-generated from active customs territories,CHN__IDN,China,Indonesia,71103733481,MTN,MT4,TOTAL,All products
2024,CHN__IND,China imports from India,CHN,CHN,China,country,IND,IND,India,country,yes,auto-generated from active customs territories,CHN__IND,China,India,18011335485,MTN,MT4,TOTAL,All products
2024,CHN__JPN,China imports from Japan,CHN,CHN,China,country,JPN,JPN,Japan,country,yes,auto-generated from active customs territories,CHN__JPN,China,Japan,156485727460,MTN,MT4,TOTAL,All products
2024,CHN__KOR,China imports from South Korea,CHN,CHN,China,country,KOR,KOR,South Korea,country,yes,auto-generated from active customs territories,CHN__KOR,China,"Korea, Republic of",181841205416,MTN,MT4,TOTAL,All products
2024,CHN__MEX,China imports from Mexico,CHN,CHN,China,country,MEX,MEX,Mexico,country,yes,auto-generated from active customs territories,CHN__MEX,China,Mexico,19266121270,MTN,MT4,TOTAL,All products
2024,CHN__RUS,China imports from Russia,CHN,CHN,China,country,RUS,RUS,Russia,country,yes,auto-generated from active customs territories,CHN__RUS,China,Russian Federation,130030318035,MTN,MT4,TOTAL,All products
2024,CHN__SAU,China imports from Saudi Arabia,CHN,CHN,China,country,SAU,SAU,Saudi Arabia,country,yes,auto-generated from active customs territories,CHN__SAU,China,"Saudi Arabia, Kingdom of",57531775342,MTN,MT4,TOTAL,All products
2024,CHN__TUR,China imports from Turkey,CHN,CHN,China,country,TUR,TUR,Turkey,country,yes,auto-generated from active customs territories,CHN__TUR,China,Türkiye,4752870643,MTN,MT4,TOTAL,All products
2024,CHN__USA,China imports from United States,CHN,CHN,China,country,USA,USA,United States,country,yes,auto-generated from active customs territories,CHN__USA,China,United States of America,164852315644,MTN,MT4,TOTAL,All products
2024,CHN__ZAF,China imports from South Africa,CHN,CHN,China,country,ZAF,ZAF,South Africa,country,yes,auto-generated from active customs territories,CHN__ZAF,China,South Africa,30603141542,MTN,MT4,TOTAL,All products
2024,EU__ARG,European Union imports from Argentina,EU,EUU,European Union,customs_union,ARG,ARG,Argentina,country,yes,auto-generated from active customs territories,,,,,,,,
2024,EU__AUS,European Union imports from Australia,EU,EUU,European Union,customs_union,AUS,AUS,Australia,country,yes,auto-generated from active customs territories,,,,,,,,
2024,EU__BRA,European Union imports from Brazil,EU,EUU,European Union,customs_union,BRA,BRA,Brazil,country,yes,auto-generated from active customs territories,,,,,,,,
2024,EU__CAN,European Union imports from Canada,EU,EUU,European Union,customs_union,CAN,CAN,Canada,country,yes,auto-generated from active customs territories,,,,,,,,
2024,EU__CHN,European Union imports from China,EU,EUU,European Union,customs_union,CHN,CHN,China,country,yes,auto-generated from active customs territories,,,,,,,,
2024,EU__GBR,European Union imports from United Kingdom,EU,EUU,European Union,customs_union,GBR,GBR,United Kingdom,country,yes,auto-generated from active customs territories,,,,,,,,
2024,EU__IDN,European Union imports from Indonesia,EU,EUU,European Union,customs_union,IDN,IDN,Indonesia,country,yes,auto-generated from active customs territories,,,,,,,,
2024,EU__IND,European Union imports from India,EU,EUU,European Union,customs_union,IND,IND,India,country,yes,auto-generated from active customs territories,,,,,,,,
2024,EU__JPN,European Union imports from Japan,EU,EUU,European Union,customs_union,JPN,JPN,Japan,country,yes,auto-generated from active customs territories,,,,,,,,
2024,EU__KOR,European Union imports from South Korea,EU,EUU,European Union,customs_union,KOR,KOR,South Korea,country,yes,auto-generated from active customs territories,,,,,,,,
2024,EU__MEX,European Union imports from Mexico,EU,EUU,European Union,customs_union,MEX,MEX,Mexico,country,yes,auto-generated from active customs territories,,,,,,,,
2024,EU__RUS,European Union imports from Russia,EU,EUU,European Union,customs_union,RUS,RUS,Russia,country,yes,auto-generated from active customs territories,,,,,,,,
2024,EU__SAU,European Union imports from Saudi Arabia,EU,EUU,European Union,customs_union,SAU,SAU,Saudi Arabia,country,yes,auto-generated from active customs territories,,,,,,,,
2024,EU__TUR,European Union imports from Turkey,EU,EUU,European Union,customs_union,TUR,TUR,Turkey,country,yes,auto-generated from active customs territories,,,,,,,,
2024,EU__USA,European Union imports from United States,EU,EUU,European Union,customs_union,USA,USA,United States,country,yes,auto-generated from active customs territories,,,,,,,,
2024,EU__ZAF,European Union imports from South Africa,EU,EUU,European Union,customs_union,ZAF,ZAF,South Africa,country,yes,auto-generated from active customs territories,,,,,,,,
2024,GBR__ARG,United Kingdom imports from Argentina,GBR,GBR,United Kingdom,country,ARG,ARG,Argentina,country,yes,auto-generated from active customs territories,GBR__ARG,United Kingdom,Argentina,1316775589.35739,MTN,MT4,TOTAL,All products
2024,GBR__AUS,United Kingdom imports from Australia,GBR,GBR,United Kingdom,country,AUS,AUS,Australia,country,yes,auto-generated from active customs territories,GBR__AUS,United Kingdom,Australia,7505516494.33425,MTN,MT4,TOTAL,All products
2024,GBR__BRA,United Kingdom imports from Brazil,GBR,GBR,United Kingdom,country,BRA,BRA,Brazil,country,yes,auto-generated from active customs territories,GBR__BRA,United Kingdom,Brazil,4407136998.46111,MTN,MT4,TOTAL,All products
2024,GBR__CAN,United Kingdom imports from Canada,GBR,GBR,United Kingdom,country,CAN,CAN,Canada,country,yes,auto-generated from active customs territories,GBR__CAN,United Kingdom,Canada,24134076125.2142,MTN,MT4,TOTAL,All products
2024,GBR__CHN,United Kingdom imports from China,GBR,GBR,United Kingdom,country,CHN,CHN,China,country,yes,auto-generated from active customs territories,GBR__CHN,United Kingdom,China,98201330640.0139,MTN,MT4,TOTAL,All products
2024,GBR__EU,United Kingdom imports from European Union,GBR,GBR,United Kingdom,country,EU,EUU,European Union,customs_union,yes,auto-generated from active customs territories,GBR__EU,United Kingdom,European Union,309399158571.216,MTN,MT4,TOTAL,All products
2024,GBR__IDN,United Kingdom imports from Indonesia,GBR,GBR,United Kingdom,country,IDN,IDN,Indonesia,country,yes,auto-generated from active customs territories,GBR__IDN,United Kingdom,Indonesia,2770565684.33004,MTN,MT4,TOTAL,All products
2024,GBR__IND,United Kingdom imports from India,GBR,GBR,United Kingdom,country,IND,IND,India,country,yes,auto-generated from active customs territories,GBR__IND,United Kingdom,India,15268283055.1821,MTN,MT4,TOTAL,All products
2024,GBR__JPN,United Kingdom imports from Japan,GBR,GBR,United Kingdom,country,JPN,JPN,Japan,country,yes,auto-generated from active customs territories,GBR__JPN,United Kingdom,Japan,13308171573.0229,MTN,MT4,TOTAL,All products
2024,GBR__KOR,United Kingdom imports from South Korea,GBR,GBR,United Kingdom,country,KOR,KOR,South Korea,country,yes,auto-generated from active customs territories,GBR__KOR,United Kingdom,"Korea, Republic of",7633186089.74755,MTN,MT4,TOTAL,All products
2024,GBR__MEX,United Kingdom imports from Mexico,GBR,GBR,United Kingdom,country,MEX,MEX,Mexico,country,yes,auto-generated from active customs territories,GBR__MEX,United Kingdom,Mexico,6513169072.81598,MTN,MT4,TOTAL,All products
2024,GBR__RUS,United Kingdom imports from Russia,GBR,GBR,United Kingdom,country,RUS,RUS,Russia,country,yes,auto-generated from active customs territories,GBR__RUS,United Kingdom,Russian Federation,464190265.398923,MTN,MT4,TOTAL,All products
2024,GBR__SAU,United Kingdom imports from Saudi Arabia,GBR,GBR,United Kingdom,country,SAU,SAU,Saudi Arabia,country,yes,auto-generated from active customs territories,GBR__SAU,United Kingdom,"Saudi Arabia, Kingdom of",1843801093.50918,MTN,MT4,TOTAL,All products
2024,GBR__TUR,United Kingdom imports from Turkey,GBR,GBR,United Kingdom,country,TUR,TUR,Turkey,country,yes,auto-generated from active customs territories,GBR__TUR,United Kingdom,Türkiye,18471690178.3477,MTN,MT4,TOTAL,All products
2024,GBR__USA,United Kingdom imports from United States,GBR,GBR,United Kingdom,country,USA,USA,United States,country,yes,auto-generated from active customs territories,GBR__USA,United Kingdom,United States of America,93924933205.3157,MTN,MT4,TOTAL,All products
2024,GBR__ZAF,United Kingdom imports from South Africa,GBR,GBR,United Kingdom,country,ZAF,ZAF,South Africa,country,yes,auto-generated from active customs territories,GBR__ZAF,United Kingdom,South Africa,13036012083.4444,MTN,MT4,TOTAL,All products
2024,IDN__ARG,Indonesia imports from Argentina,IDN,IDN,Indonesia,country,ARG,ARG,Argentina,country,yes,auto-generated from active customs territories,IDN__ARG,Indonesia,Argentina,1378352516,MTN,MT4,TOTAL,All products
2024,IDN__AUS,Indonesia imports from Australia,IDN,IDN,Indonesia,country,AUS,AUS,Australia,country,yes,auto-generated from active customs territories,IDN__AUS,Indonesia,Australia,10439112619,MTN,MT4,TOTAL,All products
2024,IDN__BRA,Indonesia imports from Brazil,IDN,IDN,Indonesia,country,BRA,BRA,Brazil,country,yes,auto-generated from active customs territories,IDN__BRA,Indonesia,Brazil,5424128997,MTN,MT4,TOTAL,All products
2024,IDN__CAN,Indonesia imports from Canada,IDN,IDN,Indonesia,country,CAN,CAN,Canada,country,yes,auto-generated from active customs territories,IDN__CAN,Indonesia,Canada,2122813441,MTN,MT4,TOTAL,All products
2024,IDN__CHN,Indonesia imports from China,IDN,IDN,Indonesia,country,CHN,CHN,China,country,yes,auto-generated from active customs territories,IDN__CHN,Indonesia,China,72729135915,MTN,MT4,TOTAL,All products
2024,IDN__EU,Indonesia imports from European Union,IDN,IDN,Indonesia,country,EU,EUU,European Union,customs_union,yes,auto-generated from active customs territories,IDN__EU,Indonesia,European Union,12833950647,MTN,MT4,TOTAL,All products
2024,IDN__GBR,Indonesia imports from United Kingdom,IDN,IDN,Indonesia,country,GBR,GBR,United Kingdom,country,yes,auto-generated from active customs territories,IDN__GBR,Indonesia,United Kingdom,973260021,MTN,MT4,TOTAL,All products
2024,IDN__IND,Indonesia imports from India,IDN,IDN,Indonesia,country,IND,IND,India,country,yes,auto-generated from active customs territories,IDN__IND,Indonesia,India,5664381104,MTN,MT4,TOTAL,All products
2024,IDN__JPN,Indonesia imports from Japan,IDN,IDN,Indonesia,country,JPN,JPN,Japan,country,yes,auto-generated from active customs territories,IDN__JPN,Indonesia,Japan,14964917284,MTN,MT4,TOTAL,All products
2024,IDN__KOR,Indonesia imports from South Korea,IDN,IDN,Indonesia,country,KOR,KOR,South Korea,country,yes,auto-generated from active customs territories,IDN__KOR,Indonesia,"Korea, Republic of",9339118565,MTN,MT4,TOTAL,All products
2024,IDN__MEX,Indonesia imports from Mexico,IDN,IDN,Indonesia,country,MEX,MEX,Mexico,country,yes,auto-generated from active customs territories,IDN__MEX,Indonesia,Mexico,337340877,MTN,MT4,TOTAL,All products
2024,IDN__RUS,Indonesia imports from Russia,IDN,IDN,Indonesia,country,RUS,RUS,Russia,country,yes,auto-generated from active customs territories,IDN__RUS,Indonesia,Russian Federation,2240425614,MTN,MT4,TOTAL,All products
2024,IDN__SAU,Indonesia imports from Saudi Arabia,IDN,IDN,Indonesia,country,SAU,SAU,Saudi Arabia,country,yes,auto-generated from active customs territories,IDN__SAU,Indonesia,"Saudi Arabia, Kingdom of",4047472312,MTN,MT4,TOTAL,All products
2024,IDN__TUR,Indonesia imports from Turkey,IDN,IDN,Indonesia,country,TUR,TUR,Turkey,country,yes,auto-generated from active customs territories,IDN__TUR,Indonesia,Türkiye,461234389,MTN,MT4,TOTAL,All products
2024,IDN__USA,Indonesia imports from United States,IDN,IDN,Indonesia,country,USA,USA,United States,country,yes,auto-generated from active customs territories,IDN__USA,Indonesia,United States of America,11967628274,MTN,MT4,TOTAL,All products
2024,IDN__ZAF,Indonesia imports from South Africa,IDN,IDN,Indonesia,country,ZAF,ZAF,South Africa,country,yes,auto-generated from active customs territories,IDN__ZAF,Indonesia,South Africa,1621643791,MTN,MT4,TOTAL,All products
2024,IND__ARG,India imports from Argentina,IND,IND,India,country,ARG,ARG,Argentina,country,yes,auto-generated from active customs territories,IND__ARG,India,Argentina,3788016710.97,MTN,MT4,TOTAL,All products
2024,IND__AUS,India imports from Australia,IND,IND,India,country,AUS,AUS,Australia,country,yes,auto-generated from active customs territories,IND__AUS,India,Australia,16430872875.97,MTN,MT4,TOTAL,All products
2024,IND__BRA,India imports from Brazil,IND,IND,India,country,BRA,BRA,Brazil,country,yes,auto-generated from active customs territories,IND__BRA,India,Brazil,5501615701.95,MTN,MT4,TOTAL,All products
2024,IND__CAN,India imports from Canada,IND,IND,India,country,CAN,CAN,Canada,country,yes,auto-generated from active customs territories,IND__CAN,India,Canada,6256881421.82,MTN,MT4,TOTAL,All products
2024,IND__CHN,India imports from China,IND,IND,India,country,CHN,CHN,China,country,yes,auto-generated from active customs territories,IND__CHN,India,China,126963489318.88,MTN,MT4,TOTAL,All products
2024,IND__EU,India imports from European Union,IND,IND,India,country,EU,EUU,European Union,customs_union,yes,auto-generated from active customs territories,IND__EU,India,European Union,48316797096.31,MTN,MT4,TOTAL,All products
2024,IND__GBR,India imports from United Kingdom,IND,IND,India,country,GBR,GBR,United Kingdom,country,yes,auto-generated from active customs territories,IND__GBR,India,United Kingdom,6528109335.24001,MTN,MT4,TOTAL,All products
2024,IND__IDN,India imports from Indonesia,IND,IND,India,country,IDN,IDN,Indonesia,country,yes,auto-generated from active customs territories,IND__IDN,India,Indonesia,24550620408.86,MTN,MT4,TOTAL,All products
2024,IND__JPN,India imports from Japan,IND,IND,India,country,JPN,JPN,Japan,country,yes,auto-generated from active customs territories,IND__JPN,India,Japan,19904850002.72,MTN,MT4,TOTAL,All products
2024,IND__KOR,India imports from South Korea,IND,IND,India,country,KOR,KOR,South Korea,country,yes,auto-generated from active customs territories,IND__KOR,India,"Korea, Republic of",21518743155.06,MTN,MT4,TOTAL,All products
2024,IND__MEX,India imports from Mexico,IND,IND,India,country,MEX,MEX,Mexico,country,yes,auto-generated from active customs territories,IND__MEX,India,Mexico,4069248148.08,MTN,MT4,TOTAL,All products
2024,IND__RUS,India imports from Russia,IND,IND,India,country,RUS,RUS,Russia,country,yes,auto-generated from active customs territories,IND__RUS,India,Russian Federation,67153440506.38,MTN,MT4,TOTAL,All products
2024,IND__SAU,India imports from Saudi Arabia,IND,IND,India,country,SAU,SAU,Saudi Arabia,country,yes,auto-generated from active customs territories,IND__SAU,India,"Saudi Arabia, Kingdom of",30635335173.5,MTN,MT4,TOTAL,All products
2024,IND__TUR,India imports from Turkey,IND,IND,India,country,TUR,TUR,Turkey,country,yes,auto-generated from active customs territories,IND__TUR,India,Türkiye,2624301678.16,MTN,MT4,TOTAL,All products
2024,IND__USA,India imports from United States,IND,IND,India,country,USA,USA,United States,country,yes,auto-generated from active customs territories,IND__USA,India,United States of America,38985410718.59,MTN,MT4,TOTAL,All products
2024,IND__ZAF,India imports from South Africa,IND,IND,India,country,ZAF,ZAF,South Africa,country,yes,auto-generated from active customs territories,IND__ZAF,India,South Africa,12469017166.97,MTN,MT4,TOTAL,All products
2024,JPN__ARG,Japan imports from Argentina,JPN,JPN,Japan,country,ARG,ARG,Argentina,country,yes,auto-generated from active customs territories,JPN__ARG,Japan,Argentina,502096255.024109,MTN,MT4,TOTAL,All products
2024,JPN__AUS,Japan imports from Australia,JPN,JPN,Japan,country,AUS,AUS,Australia,country,yes,auto-generated from active customs territories,JPN__AUS,Japan,Australia,52954476462.4506,MTN,MT4,TOTAL,All products
2024,JPN__BRA,Japan imports from Brazil,JPN,JPN,Japan,country,BRA,BRA,Brazil,country,yes,auto-generated from active customs territories,JPN__BRA,Japan,Brazil,9785243314.42791,MTN,MT4,TOTAL,All products
2024,JPN__CAN,Japan imports from Canada,JPN,JPN,Japan,country,CAN,CAN,Canada,country,yes,auto-generated from active customs territories,JPN__CAN,Japan,Canada,13074442479.6779,MTN,MT4,TOTAL,All products
2024,JPN__CHN,Japan imports from China,JPN,JPN,Japan,country,CHN,CHN,China,country,yes,auto-generated from active customs territories,JPN__CHN,Japan,China,167231385793.621,MTN,MT4,TOTAL,All products
2024,JPN__EU,Japan imports from European Union,JPN,JPN,Japan,country,EU,EUU,European Union,customs_union,yes,auto-generated from active customs territories,JPN__EU,Japan,European Union,79036615920.4596,MTN,MT4,TOTAL,All products
2024,JPN__GBR,Japan imports from United Kingdom,JPN,JPN,Japan,country,GBR,GBR,United Kingdom,country,yes,auto-generated from active customs territories,JPN__GBR,Japan,United Kingdom,7998854121.21469,MTN,MT4,TOTAL,All products
2024,JPN__IDN,Japan imports from Indonesia,JPN,JPN,Japan,country,IDN,IDN,Indonesia,country,yes,auto-generated from active customs territories,JPN__IDN,Japan,Indonesia,23394479421.5595,MTN,MT4,TOTAL,All products
2024,JPN__IND,Japan imports from India,JPN,JPN,Japan,country,IND,IND,India,country,yes,auto-generated from active customs territories,JPN__IND,Japan,India,6435365203.2848,MTN,MT4,TOTAL,All products
2024,JPN__KOR,Japan imports from South Korea,JPN,JPN,Japan,country,KOR,KOR,South Korea,country,yes,auto-generated from active customs territories,JPN__KOR,Japan,"Korea, Republic of",31456996257.3525,MTN,MT4,TOTAL,All products
2024,JPN__MEX,Japan imports from Mexico,JPN,JPN,Japan,country,MEX,MEX,Mexico,country,yes,auto-generated from active customs territories,JPN__MEX,Japan,Mexico,5917135250.4672,MTN,MT4,TOTAL,All products
2024,JPN__RUS,Japan imports from Russia,JPN,JPN,Japan,country,RUS,RUS,Russia,country,yes,auto-generated from active customs territories,JPN__RUS,Japan,Russian Federation,5681543351.55046,MTN,MT4,TOTAL,All products
2024,JPN__SAU,Japan imports from Saudi Arabia,JPN,JPN,Japan,country,SAU,SAU,Saudi Arabia,country,yes,auto-generated from active customs territories,JPN__SAU,Japan,"Saudi Arabia, Kingdom of",29835290738.3277,MTN,MT4,TOTAL,All products
2024,JPN__TUR,Japan imports from Turkey,JPN,JPN,Japan,country,TUR,TUR,Turkey,country,yes,auto-generated from active customs territories,JPN__TUR,Japan,Türkiye,1012108968.79003,MTN,MT4,TOTAL,All products
2024,JPN__USA,Japan imports from United States,JPN,JPN,Japan,country,USA,USA,United States,country,yes,auto-generated from active customs territories,JPN__USA,Japan,United States of America,83805093649.4695,MTN,MT4,TOTAL,All products
2024,JPN__ZAF,Japan imports from South Africa,JPN,JPN,Japan,country,ZAF,ZAF,South Africa,country,yes,auto-generated from active customs territories,JPN__ZAF,Japan,South Africa,5853966965.65487,MTN,MT4,TOTAL,All products
2024,KOR__ARG,South Korea imports from Argentina,KOR,KOR,South Korea,country,ARG,ARG,Argentina,country,yes,auto-generated from active customs territories,KOR__ARG,"Korea, Republic of",Argentina,1384921554,MTN,MT4,TOTAL,All products
2024,KOR__AUS,South Korea imports from Australia,KOR,KOR,South Korea,country,AUS,AUS,Australia,country,yes,auto-generated from active customs territories,KOR__AUS,"Korea, Republic of",Australia,29954699281,MTN,MT4,TOTAL,All products
2024,KOR__BRA,South Korea imports from Brazil,KOR,KOR,South Korea,country,BRA,BRA,Brazil,country,yes,auto-generated from active customs territories,KOR__BRA,"Korea, Republic of",Brazil,7298541465,MTN,MT4,TOTAL,All products
2024,KOR__CAN,South Korea imports from Canada,KOR,KOR,South Korea,country,CAN,CAN,Canada,country,yes,auto-generated from active customs territories,KOR__CAN,"Korea, Republic of",Canada,6852532823,MTN,MT4,TOTAL,All products
2024,KOR__CHN,South Korea imports from China,KOR,KOR,South Korea,country,CHN,CHN,China,country,yes,auto-generated from active customs territories,KOR__CHN,"Korea, Republic of",China,139878480806,MTN,MT4,TOTAL,All products
2024,KOR__EU,South Korea imports from European Union,KOR,KOR,South Korea,country,EU,EUU,European Union,customs_union,yes,auto-generated from active customs territories,KOR__EU,"Korea, Republic of",European Union,64749028773,MTN,MT4,TOTAL,All products
2024,KOR__GBR,South Korea imports from United Kingdom,KOR,KOR,South Korea,country,GBR,GBR,United Kingdom,country,yes,auto-generated from active customs territories,KOR__GBR,"Korea, Republic of",United Kingdom,4572262081,MTN,MT4,TOTAL,All products
2024,KOR__IDN,South Korea imports from Indonesia,KOR,KOR,South Korea,country,IDN,IDN,Indonesia,country,yes,auto-generated from active customs territories,KOR__IDN,"Korea, Republic of",Indonesia,12564323955,MTN,MT4,TOTAL,All products
2024,KOR__IND,South Korea imports from India,KOR,KOR,South Korea,country,IND,IND,India,country,yes,auto-generated from active customs territories,KOR__IND,"Korea, Republic of",India,6431322016,MTN,MT4,TOTAL,All products
2024,KOR__JPN,South Korea imports from Japan,KOR,KOR,South Korea,country,JPN,JPN,Japan,country,yes,auto-generated from active customs territories,KOR__JPN,"Korea, Republic of",Japan,47593831162,MTN,MT4,TOTAL,All products
2024,KOR__MEX,South Korea imports from Mexico,KOR,KOR,South Korea,country,MEX,MEX,Mexico,country,yes,auto-generated from active customs territories,KOR__MEX,"Korea, Republic of",Mexico,7513667761,MTN,MT4,TOTAL,All products
2024,KOR__RUS,South Korea imports from Russia,KOR,KOR,South Korea,country,RUS,RUS,Russia,country,yes,auto-generated from active customs territories,KOR__RUS,"Korea, Republic of",Russian Federation,6872988633,MTN,MT4,TOTAL,All products
2024,KOR__SAU,South Korea imports from Saudi Arabia,KOR,KOR,South Korea,country,SAU,SAU,Saudi Arabia,country,yes,auto-generated from active customs territories,KOR__SAU,"Korea, Republic of","Saudi Arabia, Kingdom of",31449847410,MTN,MT4,TOTAL,All products
2024,KOR__TUR,South Korea imports from Turkey,KOR,KOR,South Korea,country,TUR,TUR,Turkey,country,yes,auto-generated from active customs territories,KOR__TUR,"Korea, Republic of",Türkiye,1276547384,MTN,MT4,TOTAL,All products
2024,KOR__USA,South Korea imports from United States,KOR,KOR,South Korea,country,USA,USA,United States,country,yes,auto-generated from active customs territories,KOR__USA,"Korea, Republic of",United States of America,72132304976,MTN,MT4,TOTAL,All products
2024,KOR__ZAF,South Korea imports from South Africa,KOR,KOR,South Korea,country,ZAF,ZAF,South Africa,country,yes,auto-generated from active customs territories,KOR__ZAF,"Korea, Republic of",South Africa,2629116845,MTN,MT4,TOTAL,All products
2024,MEX__ARG,Mexico imports from Argentina,MEX,MEX,Mexico,country,ARG,ARG,Argentina,country,yes,auto-generated from active customs territories,MEX__ARG,Mexico,Argentina,760402238,MTN,MT4,TOTAL,All products
2024,MEX__AUS,Mexico imports from Australia,MEX,MEX,Mexico,country,AUS,AUS,Australia,country,yes,auto-generated from active customs territories,MEX__AUS,Mexico,Australia,609755694,MTN,MT4,TOTAL,All products
2024,MEX__BRA,Mexico imports from Brazil,MEX,MEX,Mexico,country,BRA,BRA,Brazil,country,yes,auto-generated from active customs territories,MEX__BRA,Mexico,Brazil,7042069742,MTN,MT4,TOTAL,All products
2024,MEX__CAN,Mexico imports from Canada,MEX,MEX,Mexico,country,CAN,CAN,Canada,country,yes,auto-generated from active customs territories,MEX__CAN,Mexico,Canada,11770409468,MTN,MT4,TOTAL,All products
2024,MEX__CHN,Mexico imports from China,MEX,MEX,Mexico,country,CHN,CHN,China,country,yes,auto-generated from active customs territories,MEX__CHN,Mexico,China,127990712611,MTN,MT4,TOTAL,All products
2024,MEX__EU,Mexico imports from European Union,MEX,MEX,Mexico,country,EU,EUU,European Union,customs_union,yes,auto-generated from active customs territories,MEX__EU,Mexico,European Union,58000318780,MTN,MT4,TOTAL,All products
2024,MEX__GBR,Mexico imports from United Kingdom,MEX,MEX,Mexico,country,GBR,GBR,United Kingdom,country,yes,auto-generated from active customs territories,MEX__GBR,Mexico,United Kingdom,2407747226,MTN,MT4,TOTAL,All products
2024,MEX__IDN,Mexico imports from Indonesia,MEX,MEX,Mexico,country,IDN,IDN,Indonesia,country,yes,auto-generated from active customs territories,MEX__IDN,Mexico,Indonesia,2548936417,MTN,MT4,TOTAL,All products
2024,MEX__IND,Mexico imports from India,MEX,MEX,Mexico,country,IND,IND,India,country,yes,auto-generated from active customs territories,MEX__IND,Mexico,India,8552514374,MTN,MT4,TOTAL,All products
2024,MEX__JPN,Mexico imports from Japan,MEX,MEX,Mexico,country,JPN,JPN,Japan,country,yes,auto-generated from active customs territories,MEX__JPN,Mexico,Japan,17989467795,MTN,MT4,TOTAL,All products
2024,MEX__KOR,Mexico imports from South Korea,MEX,MEX,Mexico,country,KOR,KOR,South Korea,country,yes,auto-generated from active customs territories,MEX__KOR,Mexico,"Korea, Republic of",22421551926,MTN,MT4,TOTAL,All products
2024,MEX__RUS,Mexico imports from Russia,MEX,MEX,Mexico,country,RUS,RUS,Russia,country,yes,auto-generated from active customs territories,MEX__RUS,Mexico,Russian Federation,1034531886,MTN,MT4,TOTAL,All products
2024,MEX__SAU,Mexico imports from Saudi Arabia,MEX,MEX,Mexico,country,SAU,SAU,Saudi Arabia,country,yes,auto-generated from active customs territories,MEX__SAU,Mexico,"Saudi Arabia, Kingdom of",88530131,MTN,MT4,TOTAL,All products
2024,MEX__TUR,Mexico imports from Turkey,MEX,MEX,Mexico,country,TUR,TUR,Turkey,country,yes,auto-generated from active customs territories,MEX__TUR,Mexico,Türkiye,1563181669,MTN,MT4,TOTAL,All products
2024,MEX__USA,Mexico imports from United States,MEX,MEX,Mexico,country,USA,USA,United States,country,yes,auto-generated from active customs territories,MEX__USA,Mexico,United States of America,251769230973,MTN,MT4,TOTAL,All products
2024,MEX__ZAF,Mexico imports from South Africa,MEX,MEX,Mexico,country,ZAF,ZAF,South Africa,country,yes,auto-generated from active customs territories,MEX__ZAF,Mexico,South Africa,675699206,MTN,MT4,TOTAL,All products
2024,RUS__ARG,Russia imports from Argentina,RUS,RUS,Russia,country,ARG,ARG,Argentina,country,yes,auto-generated from active customs territories,,,,,,,,
2024,RUS__AUS,Russia imports from Australia,RUS,RUS,Russia,country,AUS,AUS,Australia,country,yes,auto-generated from active customs territories,,,,,,,,
2024,RUS__BRA,Russia imports from Brazil,RUS,RUS,Russia,country,BRA,BRA,Brazil,country,yes,auto-generated from active customs territories,,,,,,,,
2024,RUS__CAN,Russia imports from Canada,RUS,RUS,Russia,country,CAN,CAN,Canada,country,yes,auto-generated from active customs territories,,,,,,,,
2024,RUS__CHN,Russia imports from China,RUS,RUS,Russia,country,CHN,CHN,China,country,yes,auto-generated from active customs territories,,,,,,,,
2024,RUS__EU,Russia imports from European Union,RUS,RUS,Russia,country,EU,EUU,European Union,customs_union,yes,auto-generated from active customs territories,,,,,,,,
2024,RUS__GBR,Russia imports from United Kingdom,RUS,RUS,Russia,country,GBR,GBR,United Kingdom,country,yes,auto-generated from active customs territories,,,,,,,,
2024,RUS__IDN,Russia imports from Indonesia,RUS,RUS,Russia,country,IDN,IDN,Indonesia,country,yes,auto-generated from active customs territories,,,,,,,,
2024,RUS__IND,Russia imports from India,RUS,RUS,Russia,country,IND,IND,India,country,yes,auto-generated from active customs territories,,,,,,,,
2024,RUS__JPN,Russia imports from Japan,RUS,RUS,Russia,country,JPN,JPN,Japan,country,yes,auto-generated from active customs territories,,,,,,,,
2024,RUS__KOR,Russia imports from South Korea,RUS,RUS,Russia,country,KOR,KOR,South Korea,country,yes,auto-generated from active customs territories,,,,,,,,
2024,RUS__MEX,Russia imports from Mexico,RUS,RUS,Russia,country,MEX,MEX,Mexico,country,yes,auto-generated from active customs territories,,,,,,,,
2024,RUS__SAU,Russia imports from Saudi Arabia,RUS,RUS,Russia,country,SAU,SAU,Saudi Arabia,country,yes,auto-generated from active customs territories,,,,,,,,
2024,RUS__TUR,Russia imports from Turkey,RUS,RUS,Russia,country,TUR,TUR,Turkey,country,yes,auto-generated from active customs territories,,,,,,,,
2024,RUS__USA,Russia imports from United States,RUS,RUS,Russia,country,USA,USA,United States,country,yes,auto-generated from active customs territories,,,,,,,,
2024,RUS__ZAF,Russia imports from South Africa,RUS,RUS,Russia,country,ZAF,ZAF,South Africa,country,yes,auto-generated from active customs territories,,,,,,,,
2024,SAU__ARG,Saudi Arabia imports from Argentina,SAU,SAU,Saudi Arabia,country,ARG,ARG,Argentina,country,yes,auto-generated from active customs territories,SAU__ARG,"Saudi Arabia, Kingdom of",Argentina,1663342864.81,MTN,MT4,TOTAL,All products
2024,SAU__AUS,Saudi Arabia imports from Australia,SAU,SAU,Saudi Arabia,country,AUS,AUS,Australia,country,yes,auto-generated from active customs territories,SAU__AUS,"Saudi Arabia, Kingdom of",Australia,861241298.31,MTN,MT4,TOTAL,All products
2024,SAU__BRA,Saudi Arabia imports from Brazil,SAU,SAU,Saudi Arabia,country,BRA,BRA,Brazil,country,yes,auto-generated from active customs territories,SAU__BRA,"Saudi Arabia, Kingdom of",Brazil,3830495658.41,MTN,MT4,TOTAL,All products
2024,SAU__CAN,Saudi Arabia imports from Canada,SAU,SAU,Saudi Arabia,country,CAN,CAN,Canada,country,yes,auto-generated from active customs territories,SAU__CAN,"Saudi Arabia, Kingdom of",Canada,1734196550.01,MTN,MT4,TOTAL,All products
2024,SAU__CHN,Saudi Arabia imports from China,SAU,SAU,Saudi Arabia,country,CHN,CHN,China,country,yes,auto-generated from active customs territories,SAU__CHN,"Saudi Arabia, Kingdom of",China,55665705492.1,MTN,MT4,TOTAL,All products
2024,SAU__EU,Saudi Arabia imports from European Union,SAU,SAU,Saudi Arabia,country,EU,EUU,European Union,customs_union,yes,auto-generated from active customs territories,SAU__EU,"Saudi Arabia, Kingdom of",European Union,43295047990.61,MTN,MT4,TOTAL,All products
2024,SAU__GBR,Saudi Arabia imports from United Kingdom,SAU,SAU,Saudi Arabia,country,GBR,GBR,United Kingdom,country,yes,auto-generated from active customs territories,SAU__GBR,"Saudi Arabia, Kingdom of",United Kingdom,5470611042.54,MTN,MT4,TOTAL,All products
2024,SAU__IDN,Saudi Arabia imports from Indonesia,SAU,SAU,Saudi Arabia,country,IDN,IDN,Indonesia,country,yes,auto-generated from active customs territories,SAU__IDN,"Saudi Arabia, Kingdom of",Indonesia,3571575963.37,MTN,MT4,TOTAL,All products
2024,SAU__IND,Saudi Arabia imports from India,SAU,SAU,Saudi Arabia,country,IND,IND,India,country,yes,auto-generated from active customs territories,SAU__IND,"Saudi Arabia, Kingdom of",India,12656720648.23,MTN,MT4,TOTAL,All products
2024,SAU__JPN,Saudi Arabia imports from Japan,SAU,SAU,Saudi Arabia,country,JPN,JPN,Japan,country,yes,auto-generated from active customs territories,SAU__JPN,"Saudi Arabia, Kingdom of",Japan,8489346836.34999,MTN,MT4,TOTAL,All products
2024,SAU__KOR,Saudi Arabia imports from South Korea,SAU,SAU,Saudi Arabia,country,KOR,KOR,South Korea,country,yes,auto-generated from active customs territories,SAU__KOR,"Saudi Arabia, Kingdom of","Korea, Republic of",6090773538.73,MTN,MT4,TOTAL,All products
2024,SAU__MEX,Saudi Arabia imports from Mexico,SAU,SAU,Saudi Arabia,country,MEX,MEX,Mexico,country,yes,auto-generated from active customs territories,SAU__MEX,"Saudi Arabia, Kingdom of",Mexico,1707132810.07,MTN,MT4,TOTAL,All products
2024,SAU__RUS,Saudi Arabia imports from Russia,SAU,SAU,Saudi Arabia,country,RUS,RUS,Russia,country,yes,auto-generated from active customs territories,SAU__RUS,"Saudi Arabia, Kingdom of",Russian Federation,3406636942.49,MTN,MT4,TOTAL,All products
2024,SAU__TUR,Saudi Arabia imports from Turkey,SAU,SAU,Saudi Arabia,country,TUR,TUR,Turkey,country,yes,auto-generated from active customs territories,SAU__TUR,"Saudi Arabia, Kingdom of",Türkiye,3681032258.17001,MTN,MT4,TOTAL,All products
2024,SAU__USA,Saudi Arabia imports from United States,SAU,SAU,Saudi Arabia,country,USA,USA,United States,country,yes,auto-generated from active customs territories,SAU__USA,"Saudi Arabia, Kingdom of",United States of America,19770874280.9499,MTN,MT4,TOTAL,All products
2024,SAU__ZAF,Saudi Arabia imports from South Africa,SAU,SAU,Saudi Arabia,country,ZAF,ZAF,South Africa,country,yes,auto-generated from active customs territories,SAU__ZAF,"Saudi Arabia, Kingdom of",South Africa,907001710.490001,MTN,MT4,TOTAL,All products
2024,TUR__ARG,Turkey imports from Argentina,TUR,TUR,Turkey,country,ARG,ARG,Argentina,country,yes,auto-generated from active customs territories,TUR__ARG,Türkiye,Argentina,707820024,MTN,MT4,TOTAL,All products
2024,TUR__AUS,Turkey imports from Australia,TUR,TUR,Turkey,country,AUS,AUS,Australia,country,yes,auto-generated from active customs territories,TUR__AUS,Türkiye,Australia,1142202248,MTN,MT4,TOTAL,All products
2024,TUR__BRA,Turkey imports from Brazil,TUR,TUR,Turkey,country,BRA,BRA,Brazil,country,yes,auto-generated from active customs territories,TUR__BRA,Türkiye,Brazil,3864457220,MTN,MT4,TOTAL,All products
2024,TUR__CAN,Turkey imports from Canada,TUR,TUR,Turkey,country,CAN,CAN,Canada,country,yes,auto-generated from active customs territories,TUR__CAN,Türkiye,Canada,1216798805,MTN,MT4,TOTAL,All products
2024,TUR__CHN,Turkey imports from China,TUR,TUR,Turkey,country,CHN,CHN,China,country,yes,auto-generated from active customs territories,TUR__CHN,Türkiye,China,44928377889,MTN,MT4,TOTAL,All products
2024,TUR__EU,Turkey imports from European Union,TUR,TUR,Turkey,country,EU,EUU,European Union,customs_union,yes,auto-generated from active customs territories,TUR__EU,Türkiye,European Union,110498573013,MTN,MT4,TOTAL,All products
2024,TUR__GBR,Turkey imports from United Kingdom,TUR,TUR,Turkey,country,GBR,GBR,United Kingdom,country,yes,auto-generated from active customs territories,TUR__GBR,Türkiye,United Kingdom,6845512583,MTN,MT4,TOTAL,All products
2024,TUR__IDN,Turkey imports from Indonesia,TUR,TUR,Turkey,country,IDN,IDN,Indonesia,country,yes,auto-generated from active customs territories,TUR__IDN,Türkiye,Indonesia,2434797840,MTN,MT4,TOTAL,All products
2024,TUR__IND,Turkey imports from India,TUR,TUR,Turkey,country,IND,IND,India,country,yes,auto-generated from active customs territories,TUR__IND,Türkiye,India,7021135248,MTN,MT4,TOTAL,All products
2024,TUR__JPN,Turkey imports from Japan,TUR,TUR,Turkey,country,JPN,JPN,Japan,country,yes,auto-generated from active customs territories,TUR__JPN,Türkiye,Japan,4737223358,MTN,MT4,TOTAL,All products
2024,TUR__KOR,Turkey imports from South Korea,TUR,TUR,Turkey,country,KOR,KOR,South Korea,country,yes,auto-generated from active customs territories,TUR__KOR,Türkiye,"Korea, Republic of",9245624656,MTN,MT4,TOTAL,All products
2024,TUR__MEX,Turkey imports from Mexico,TUR,TUR,Turkey,country,MEX,MEX,Mexico,country,yes,auto-generated from active customs territories,TUR__MEX,Türkiye,Mexico,1194212830,MTN,MT4,TOTAL,All products
2024,TUR__RUS,Turkey imports from Russia,TUR,TUR,Turkey,country,RUS,RUS,Russia,country,yes,auto-generated from active customs territories,TUR__RUS,Türkiye,Russian Federation,44018356667,MTN,MT4,TOTAL,All products
2024,TUR__SAU,Turkey imports from Saudi Arabia,TUR,TUR,Turkey,country,SAU,SAU,Saudi Arabia,country,yes,auto-generated from active customs territories,TUR__SAU,Türkiye,"Saudi Arabia, Kingdom of",3055031603,MTN,MT4,TOTAL,All products
2024,TUR__USA,Turkey imports from United States,TUR,TUR,Turkey,country,USA,USA,United States,country,yes,auto-generated from active customs territories,TUR__USA,Türkiye,United States of America,16226328750,MTN,MT4,TOTAL,All products
2024,TUR__ZAF,Turkey imports from South Africa,TUR,TUR,Turkey,country,ZAF,ZAF,South Africa,country,yes,auto-generated from active customs territories,TUR__ZAF,Türkiye,South Africa,1344257589,MTN,MT4,TOTAL,All products
2024,USA__ARG,United States imports from Argentina,USA,USA,United States,country,ARG,ARG,Argentina,country,yes,auto-generated from active customs territories,USA__ARG,United States of America,Argentina,7471256609,MTN,MT4,TOTAL,All products
2024,USA__AUS,United States imports from Australia,USA,USA,United States,country,AUS,AUS,Australia,country,yes,auto-generated from active customs territories,USA__AUS,United States of America,Australia,15454934460,MTN,MT4,TOTAL,All products
2024,USA__BRA,United States imports from Brazil,USA,USA,United States,country,BRA,BRA,Brazil,country,yes,auto-generated from active customs territories,USA__BRA,United States of America,Brazil,39963414608,MTN,MT4,TOTAL,All products
2024,USA__CAN,United States imports from Canada,USA,USA,United States,country,CAN,CAN,Canada,country,yes,auto-generated from active customs territories,USA__CAN,United States of America,Canada,392463885760.702,MTN,MT4,TOTAL,All products
2024,USA__CHN,United States imports from China,USA,USA,United States,country,CHN,CHN,China,country,yes,auto-generated from active customs territories,USA__CHN,United States of America,China,417980378755,MTN,MT4,TOTAL,All products
2024,USA__EU,United States imports from European Union,USA,USA,United States,country,EU,EUU,European Union,customs_union,yes,auto-generated from active customs territories,USA__EU,United States of America,European Union,562307751836,MTN,MT4,TOTAL,All products
2024,USA__GBR,United States imports from United Kingdom,USA,USA,United States,country,GBR,GBR,United Kingdom,country,yes,auto-generated from active customs territories,USA__GBR,United States of America,United Kingdom,62316966076,MTN,MT4,TOTAL,All products
2024,USA__IDN,United States imports from Indonesia,USA,USA,United States,country,IDN,IDN,Indonesia,country,yes,auto-generated from active customs territories,USA__IDN,United States of America,Indonesia,27876552480,MTN,MT4,TOTAL,All products
2024,USA__IND,United States imports from India,USA,USA,United States,country,IND,IND,India,country,yes,auto-generated from active customs territories,USA__IND,United States of America,India,86297581077,MTN,MT4,TOTAL,All products
2024,USA__JPN,United States imports from Japan,USA,USA,United States,country,JPN,JPN,Japan,country,yes,auto-generated from active customs territories,USA__JPN,United States of America,Japan,144862789737,MTN,MT4,TOTAL,All products
2024,USA__KOR,United States imports from South Korea,USA,USA,United States,country,KOR,KOR,South Korea,country,yes,auto-generated from active customs territories,USA__KOR,United States of America,"Korea, Republic of",128432783119,MTN,MT4,TOTAL,All products
2024,USA__MEX,United States imports from Mexico,USA,USA,United States,country,MEX,MEX,Mexico,country,yes,auto-generated from active customs territories,USA__MEX,United States of America,Mexico,491612103451,MTN,MT4,TOTAL,All products
2024,USA__RUS,United States imports from Russia,USA,USA,United States,country,RUS,RUS,Russia,country,yes,auto-generated from active customs territories,USA__RUS,United States of America,Russian Federation,2917424567,MTN,MT4,TOTAL,All products
2024,USA__SAU,United States imports from Saudi Arabia,USA,USA,United States,country,SAU,SAU,Saudi Arabia,country,yes,auto-generated from active customs territories,USA__SAU,United States of America,"Saudi Arabia, Kingdom of",12299848945,MTN,MT4,TOTAL,All products
2024,USA__TUR,United States imports from Turkey,USA,USA,United States,country,TUR,TUR,Turkey,country,yes,auto-generated from active customs territories,USA__TUR,United States of America,Türkiye,15963072202,MTN,MT4,TOTAL,All products
2024,USA__ZAF,United States imports from South Africa,USA,USA,United States,country,ZAF,ZAF,South Africa,country,yes,auto-generated from active customs territories,USA__ZAF,United States of America,South Africa,14430211316,MTN,MT4,TOTAL,All products
2024,ZAF__ARG,South Africa imports from Argentina,ZAF,ZAF,South Africa,country,ARG,ARG,Argentina,country,yes,auto-generated from active customs territories,ZAF__ARG,South Africa,Argentina,368654670.608762,MTN,MT4,TOTAL,All products
2024,ZAF__AUS,South Africa imports from Australia,ZAF,ZAF,South Africa,country,AUS,AUS,Australia,country,yes,auto-generated from active customs territories,ZAF__AUS,South Africa,Australia,1184617420.25876,MTN,MT4,TOTAL,All products
2024,ZAF__BRA,South Africa imports from Brazil,ZAF,ZAF,South Africa,country,BRA,BRA,Brazil,country,yes,auto-generated from active customs territories,ZAF__BRA,South Africa,Brazil,1450300675.28123,MTN,MT4,TOTAL,All products
2024,ZAF__CAN,South Africa imports from Canada,ZAF,ZAF,South Africa,country,CAN,CAN,Canada,country,yes,auto-generated from active customs territories,ZAF__CAN,South Africa,Canada,468769717.317033,MTN,MT4,TOTAL,All products
2024,ZAF__CHN,South Africa imports from China,ZAF,ZAF,South Africa,country,CHN,CHN,China,country,yes,auto-generated from active customs territories,ZAF__CHN,South Africa,China,21727627496.5001,MTN,MT4,TOTAL,All products
2024,ZAF__EU,South Africa imports from European Union,ZAF,ZAF,South Africa,country,EU,EUU,European Union,customs_union,yes,auto-generated from active customs territories,ZAF__EU,South Africa,European Union,23300398874.5495,MTN,MT4,TOTAL,All products
2024,ZAF__GBR,South Africa imports from United Kingdom,ZAF,ZAF,South Africa,country,GBR,GBR,United Kingdom,country,yes,auto-generated from active customs territories,ZAF__GBR,South Africa,United Kingdom,1631441103.0048,MTN,MT4,TOTAL,All products
2024,ZAF__IDN,South Africa imports from Indonesia,ZAF,ZAF,South Africa,country,IDN,IDN,Indonesia,country,yes,auto-generated from active customs territories,ZAF__IDN,South Africa,Indonesia,922793593.857926,MTN,MT4,TOTAL,All products
2024,ZAF__IND,South Africa imports from India,ZAF,ZAF,South Africa,country,IND,IND,India,country,yes,auto-generated from active customs territories,ZAF__IND,South Africa,India,7289698526.46076,MTN,MT4,TOTAL,All products
2024,ZAF__JPN,South Africa imports from Japan,ZAF,ZAF,South Africa,country,JPN,JPN,Japan,country,yes,auto-generated from active customs territories,ZAF__JPN,South Africa,Japan,2310161696.92711,MTN,MT4,TOTAL,All products
2024,ZAF__KOR,South Africa imports from South Korea,ZAF,ZAF,South Africa,country,KOR,KOR,South Korea,country,yes,auto-generated from active customs territories,ZAF__KOR,South Africa,"Korea, Republic of",800678223.339837,MTN,MT4,TOTAL,All products
2024,ZAF__MEX,South Africa imports from Mexico,ZAF,ZAF,South Africa,country,MEX,MEX,Mexico,country,yes,auto-generated from active customs territories,ZAF__MEX,South Africa,Mexico,735992103.568947,MTN,MT4,TOTAL,All products
2024,ZAF__RUS,South Africa imports from Russia,ZAF,ZAF,South Africa,country,RUS,RUS,Russia,country,yes,auto-generated from active customs territories,ZAF__RUS,South Africa,Russian Federation,558974591.323098,MTN,MT4,TOTAL,All products
2024,ZAF__SAU,South Africa imports from Saudi Arabia,ZAF,ZAF,South Africa,country,SAU,SAU,Saudi Arabia,country,yes,auto-generated from active customs territories,ZAF__SAU,South Africa,"Saudi Arabia, Kingdom of",2455297189.48358,MTN,MT4,TOTAL,All products
2024,ZAF__TUR,South Africa imports from Turkey,ZAF,ZAF,South Africa,country,TUR,TUR,Turkey,country,yes,auto-generated from active customs territories,ZAF__TUR,South Africa,Türkiye,815442782.232854,MTN,MT4,TOTAL,All products
2024,ZAF__USA,South Africa imports from United States,ZAF,ZAF,South Africa,country,USA,USA,United States,country,yes,auto-generated from active customs territories,ZAF__USA,South Africa,United States of America,6554485988.01004,MTN,MT4,TOTAL,All products
